Household_ID,Postcode,lat,lon,Age,Employment_Status,Household_Size,Num_Children,Disability,Annual_Income,Savings_Capital,Monthly_Rent,Tenure_Years,Property_Beds,EPC_Rating,Benefits_Eligible,Benefits_Claimed,Council_Tax_Arrears,Rent_Arrears
WES-1000,SW1V 3,51.50739953102167,-0.12415370078264878,52,Full-time,2,0,No,60316,18468,737,0.1,2,E,None,None,No,0
WES-1001,SW1V 3,51.50744966038564,-0.12131286563896196,68,Retired,1,0,Yes,3800,716,711,21.8,2,C,"Universal Credit, PIP, Pension Credit","Universal Credit, PIP, Pension Credit",Yes,2802
WES-1002,SW1V 3,51.508744438330446,-0.12724630698627737,35,Full-time,1,0,Yes,56527,10253,580,0.2,1,C,PIP,PIP,No,0
WES-1003,SW1P 4,51.504580659752236,-0.12708439715452255,45,Full-time,4,3,No,38918,4748,1038,10.6,4,C,Child Benefit,Child Benefit,No,0
WES-1004,SW1V 3,51.50681316015328,-0.1272399762161915,44,Unemployed,2,1,No,4191,19584,540,8.9,1,F,Child Benefit,Child Benefit,Yes,450
WES-1005,SW1V 3,51.50628733005198,-0.12928861987224202,57,Full-time,4,0,No,60206,19187,976,1.6,4,D,None,None,No,0
WES-1006,SW1V 3,51.50837827182505,-0.12524853276566822,43,Full-time,2,0,No,61301,3897,885,0.5,3,E,None,None,No,0
WES-1007,SW1P 4,51.50950289666305,-0.12222544004120392,48,Full-time,1,0,No,50831,33963,500,2.3,1,C,None,None,No,0
WES-1008,SW1V 3,51.50791609465835,-0.12831091486368323,37,Part-time,2,1,No,28155,10971,561,7.3,1,F,Child Benefit,Child Benefit,No,0
WES-1009,SW1P 4,51.51067345404608,-0.12268503935789211,38,Part-time,2,0,No,28463,63660,874,1.7,3,D,None,None,No,0
WES-1010,SW1V 3,51.50726186127929,-0.12148438408236545,65,Part-time,2,1,No,31959,5916,716,1.5,2,E,Child Benefit,Child Benefit,No,0
WES-1011,SW1V 3,51.50957267206476,-0.12844407279378384,54,Part-time,1,0,No,28156,31475,559,1.8,1,C,None,None,No,0
WES-1012,SW1V 3,51.50880484172452,-0.12941085213263426,25,Full-time,3,2,No,53877,13037,748,2.8,2,F,Child Benefit,Child Benefit,No,0
WES-1013,SW1P 4,51.51223154902229,-0.12427850123726464,27,Part-time,3,0,No,31426,20448,697,7.7,2,C,None,None,No,0
WES-1014,SW1P 4,51.506956438501014,-0.12475232727854306,45,Full-time,2,1,No,45618,3258,803,7.7,3,B,Child Benefit,Child Benefit,No,899
WES-1015,SW1P 4,51.50493349787567,-0.12642940338122105,49,Full-time,5,4,No,52559,28760,981,2.1,4,E,Child Benefit,Child Benefit,No,0
WES-1016,SW1V 3,51.50600852244257,-0.129143159918475,65,Full-time,1,0,No,51768,12071,598,2.1,1,C,None,None,No,0
WES-1017,SW1P 4,51.50854786362893,-0.12308425803356282,66,Full-time,3,1,Yes,48066,7064,1012,0.6,4,B,"Child Benefit, PIP","Child Benefit, PIP",No,0
WES-1018,SW1P 4,51.50921460908387,-0.12693828483957031,53,Full-time,1,0,No,43128,50394,595,3.7,1,D,None,None,No,0
WES-1019,SW1V 3,51.506968981268386,-0.12443305871500782,25,Unemployed,3,1,No,6638,8387,707,7.0,2,F,"Child Benefit, Child Tax Credit, Universal Credit","Child Benefit, Child Tax Credit, Universal Credit",Yes,586
WES-1020,SW1V 3,51.50597823209133,-0.12294641415883568,76,Retired,2,1,No,18162,2591,577,0.8,1,C,Child Benefit,None,No,0
WES-1021,SW1P 4,51.50969979326742,-0.12645770445417948,26,Full-time,2,1,No,76683,17278,801,5.7,3,B,Child Benefit,Child Benefit,No,0
WES-1022,SW1V 3,51.50971567708067,-0.12260246162151636,29,Full-time,4,2,No,49839,35363,811,1.3,3,C,Child Benefit,None,No,0
WES-1023,SW1V 3,51.50725460096036,-0.12916654773026845,68,Retired,3,1,No,9889,17897,685,5.9,2,D,"Child Benefit, Pension Credit","Child Benefit, Pension Credit",No,0
WES-1024,SW1P 4,51.50960347402093,-0.12783038387378245,18,Student,4,3,No,7851,8405,898,8.3,3,C,"Child Benefit, Child Tax Credit, Universal Credit","Child Benefit, Child Tax Credit, Universal Credit",No,0
WES-1025,SW1P 4,51.50358681370845,-0.12592959618405464,36,Full-time,1,0,No,45315,47129,665,6.8,2,D,None,None,No,0
WES-1026,SW1V 3,51.50607162277442,-0.12672776660469195,48,Full-time,5,1,No,45218,1867,1157,0.9,5,D,Child Benefit,None,No,0
WES-1027,SW1V 3,51.50562107680673,-0.1268504625785843,58,Full-time,1,0,No,45897,29831,570,12.7,1,G,None,None,No,0
WES-1028,SW1V 3,51.5112202227325,-0.1327187896909302,39,Part-time,3,1,No,28726,869,688,0.8,2,D,"Child Benefit, Child Tax Credit","Child Benefit, Child Tax Credit",No,0
WES-1029,SW1P 4,51.50740148363692,-0.13307758008623566,45,Unemployed,2,1,No,5652,5844,574,0.3,1,F,"Child Benefit, Universal Credit","Child Benefit, Universal Credit",No,0
WES-1030,SW1V 3,51.513051522595134,-0.12448131994485022,38,Full-time,3,1,No,64740,47804,875,0.4,3,C,Child Benefit,Child Benefit,No,0
WES-1031,SW1P 4,51.506418299693436,-0.12260219878794608,18,Student,1,0,No,6508,17314,534,1.1,1,E,None,None,No,0
WES-1032,SW1P 4,51.512162917531704,-0.1252738497242473,60,Full-time,1,0,No,42458,26505,597,5.1,1,B,None,None,No,0
WES-1033,SW1V 3,51.50828274267182,-0.12586645487489304,48,Full-time,6,5,No,50721,21225,1177,2.8,5,C,Child Benefit,Child Benefit,No,0
WES-1034,SW1V 3,51.5071579521777,-0.12251865955766861,68,Retired,2,1,Yes,3800,26700,553,2.2,1,F,"Child Benefit, PIP, Pension Credit","Child Benefit, PIP",Yes,536
WES-1035,SW1V 3,51.51129358715754,-0.12686973117302935,62,Full-time,5,3,No,52727,12139,1151,0.6,5,D,Child Benefit,Child Benefit,No,0
WES-1036,SW1P 4,51.50956961858016,-0.13081014731806548,44,Full-time,2,1,Yes,31626,11558,874,3.7,3,C,"Child Benefit, PIP","Child Benefit, PIP",No,0
WES-1037,SW1P 4,51.50699510659934,-0.12067875552182586,45,Part-time,6,4,Yes,33095,4898,1169,1.2,5,C,"Child Benefit, PIP","Child Benefit, PIP",No,0
WES-1038,SW1P 4,51.50610424421482,-0.12935546892385977,27,Full-time,1,0,No,44588,38,598,12.2,1,C,None,None,No,0
WES-1039,SW1V 3,51.51009938244517,-0.1254929834659229,56,Part-time,2,1,Yes,25679,18742,667,13.5,2,D,"Child Benefit, PIP","Child Benefit, PIP",No,0
WES-1040,SW1V 3,51.50669091623242,-0.12492023559259281,25,Part-time,4,1,No,35549,23350,1199,4.1,5,D,Child Benefit,Child Benefit,No,0
WES-1041,SW1P 4,51.51145886785566,-0.11974159078131935,22,Full-time,4,3,No,37777,13962,970,1.6,4,C,Child Benefit,None,No,0
WES-1042,SW1P 4,51.507673097522364,-0.12330754738656506,47,Full-time,1,0,No,53097,11486,543,3.9,1,C,None,None,No,0
WES-1043,SW1P 4,51.50697348168691,-0.13111464630199357,20,Full-time,1,0,No,48433,9841,505,4.6,1,C,None,None,No,0
WES-1044,SW1V 3,51.51002050218927,-0.11853036518334503,35,Full-time,4,2,No,51340,41791,1100,1.2,5,D,Child Benefit,Child Benefit,No,0
WES-1045,SW1P 4,51.50965860687374,-0.12420812466650769,56,Full-time,4,0,No,53742,6666,817,12.6,3,E,None,None,No,0
WES-1046,SW1V 3,51.50648382737816,-0.12357622689909098,78,Retired,2,0,Yes,11804,11764,838,14.2,3,C,"PIP, Pension Credit","PIP, Pension Credit",No,1401
WES-1047,SW1P 4,51.51191164971868,-0.12579699075277534,57,Unemployed,4,0,No,8412,31405,962,2.5,4,C,None,None,No,3331
WES-1048,SW1P 4,51.50861031175283,-0.11818293237107409,29,Full-time,2,0,No,74786,11737,519,1.7,1,C,None,None,No,0
WES-1049,SW1P 4,51.5101711307967,-0.13073837784600537,35,Full-time,3,1,No,48985,17893,1041,15.3,4,D,Child Benefit,None,No,0
WES-1050,SW1V 3,51.50886776670381,-0.1253997136722609,43,Full-time,1,0,Yes,55030,38044,689,12.2,2,D,PIP,PIP,No,0
WES-1051,SW1V 3,51.50982155046344,-0.12314326053290921,18,Full-time,5,1,No,52245,2714,998,0.2,4,E,Child Benefit,Child Benefit,No,0
WES-1052,SW1P 4,51.507962222618886,-0.12901957772622502,83,Retired,1,0,No,13296,3534,528,13.7,1,D,Universal Credit,Universal Credit,No,0
WES-1053,SW1V 3,51.51083300165985,-0.12646493165226258,67,Retired,2,1,No,20959,1630,802,2.4,3,D,Child Benefit,Child Benefit,No,0
WES-1054,SW1P 4,51.51132992738299,-0.12532486190650066,41,Full-time,2,0,Yes,57219,1649,850,9.7,3,D,PIP,None,No,0
WES-1055,SW1P 4,51.5077503583849,-0.12195058404176636,51,Full-time,5,3,No,32972,33477,1101,10.2,5,D,Child Benefit,None,No,0
WES-1056,SW1P 4,51.505939141295,-0.1204356174540469,18,Student,2,1,No,8688,30427,736,4.0,2,E,Child Benefit,Child Benefit,No,426
WES-1057,SW1P 4,51.51023948088046,-0.12252862519993107,24,Full-time,3,1,No,43775,4768,884,0.1,3,E,Child Benefit,Child Benefit,No,0
WES-1058,SW1P 4,51.50714151616657,-0.1271074431605848,52,Full-time,1,0,No,62585,16406,516,1.2,1,D,None,None,No,0
WES-1059,SW1P 4,51.50766259031838,-0.12133521657502301,50,Full-time,1,0,Yes,46934,27217,558,3.4,1,C,PIP,PIP,No,2109
WES-1060,SW1V 3,51.507890892723026,-0.13096436052172572,43,Part-time,2,0,No,22042,22104,539,0.7,1,D,None,None,No,0
WES-1061,SW1V 3,51.510035966539384,-0.12089628531857388,33,Unemployed,1,0,No,7997,13382,698,2.7,2,C,Universal Credit,Universal Credit,Yes,801
WES-1062,SW1P 4,51.51106906606787,-0.12363289139035509,57,Full-time,6,1,No,60312,43251,1115,0.2,5,F,Child Benefit,None,No,0
WES-1063,SW1P 4,51.50876769530849,-0.12462742126848834,36,Full-time,1,0,No,60210,15515,709,6.3,2,D,None,None,No,0
WES-1064,SW1V 3,51.506415030251546,-0.12186621951228552,41,Full-time,2,0,No,49215,11014,715,3.3,2,B,None,None,No,0
WES-1065,SW1P 4,51.51063096075013,-0.11790688607029685,35,Part-time,1,0,No,35751,50,567,3.8,1,D,None,None,No,0
WES-1066,SW1V 3,51.50843063022523,-0.12499735580239045,68,Retired,1,0,No,8008,23150,538,0.6,1,E,Pension Credit,Pension Credit,No,584
WES-1067,SW1P 4,51.5071722061729,-0.12614756747927616,35,Full-time,4,1,No,43342,3095,954,9.1,4,B,Child Benefit,Child Benefit,No,0
WES-1068,SW1V 3,51.51350339642572,-0.1242911376318735,19,Full-time,2,1,No,49596,3800,567,4.6,1,D,Child Benefit,None,No,0
WES-1069,SW1P 4,51.50966760075231,-0.12751388333580518,44,Full-time,4,1,No,46407,6994,847,1.8,3,D,Child Benefit,None,No,0
WES-1070,SW1P 4,51.508586543389484,-0.12260857973869252,47,Full-time,3,2,No,55765,30392,1008,1.7,4,C,Child Benefit,Child Benefit,No,0
WES-1071,SW1P 4,51.5072409669039,-0.12620135424095058,47,Part-time,2,1,No,25557,3218,816,0.5,3,C,Child Benefit,Child Benefit,No,0
WES-1072,SW1P 4,51.511490267491034,-0.12505910872671447,48,Full-time,2,1,Yes,44388,21018,717,9.3,2,C,"Child Benefit, PIP","Child Benefit, PIP",No,0
WES-1073,SW1V 3,51.50709975837012,-0.12745964426556403,73,Retired,3,0,No,18683,4365,845,0.0,3,D,None,None,No,0
WES-1074,SW1P 4,51.50560397219917,-0.13229641786986024,51,Full-time,3,1,Yes,43482,30380,670,19.8,2,E,"Child Benefit, PIP","Child Benefit, PIP",No,0
WES-1075,SW1P 4,51.50736666117498,-0.126423708173569,50,Unemployed,1,0,No,5609,29966,588,3.8,1,E,None,None,No,0
WES-1076,SW1P 4,51.50994508016058,-0.12681062826843975,45,Unemployed,4,3,No,6746,3076,1027,3.7,4,D,"Child Benefit, Child Tax Credit, Universal Credit","Child Benefit, Child Tax Credit, Universal Credit",No,0
WES-1077,SW1P 4,51.505340553858574,-0.12792249722390311,44,Full-time,3,0,No,46929,17112,1044,3.0,4,D,None,None,No,0
WES-1078,SW1V 3,51.510071600317296,-0.12442362731464511,30,Part-time,1,0,No,28609,14441,539,7.3,1,A,None,None,No,0
WES-1079,SW1V 3,51.50441653026315,-0.1271133245169081,61,Full-time,2,1,No,43559,1656,805,6.1,3,D,Child Benefit,Child Benefit,No,0
WES-1080,SW1V 3,51.51212396024827,-0.1246262228139247,50,Full-time,4,1,No,54133,12077,975,5.5,4,D,Child Benefit,None,No,0
WES-1081,SW1P 4,51.5060709620887,-0.1287947287406105,37,Part-time,4,2,Yes,23555,11728,984,4.1,4,C,"Child Benefit, Child Tax Credit, PIP","Child Benefit, Child Tax Credit, PIP",No,0
WES-1082,SW1V 3,51.50798524692515,-0.13070575222163278,50,Full-time,3,0,No,53825,614,685,12.1,2,B,None,None,No,0
WES-1083,SW1V 3,51.50541292437633,-0.12621788189982247,58,Full-time,1,0,Yes,61289,19813,586,0.8,1,D,PIP,PIP,No,0
WES-1084,SW1P 4,51.50914760025521,-0.1265744699369805,20,Full-time,4,2,Yes,47546,15838,984,2.2,4,D,"Child Benefit, PIP","Child Benefit, PIP",No,0
WES-1085,SW1V 3,51.50919300776346,-0.1280008597166473,33,Full-time,4,1,No,45667,4289,856,5.8,3,C,Child Benefit,None,No,0
WES-1086,SW1V 3,51.5052265500174,-0.12208292561975571,67,Retired,3,2,No,13889,3457,877,0.7,3,B,"Child Benefit, Child Tax Credit","Child Benefit, Child Tax Credit",No,0
WES-1087,SW1V 3,51.50643009027093,-0.12055273197598126,56,Part-time,2,1,No,32465,9097,672,4.3,2,D,Child Benefit,None,No,0
WES-1088,SW1P 4,51.50862771260267,-0.12533823019832788,39,Full-time,3,0,Yes,44154,17695,842,10.9,3,D,PIP,PIP,No,0
WES-1089,SW1P 4,51.5091152415109,-0.12690610443103567,49,Full-time,4,3,No,62701,1690,1013,6.4,4,B,Child Benefit,Child Benefit,No,0
WES-1090,SW1V 3,51.50797606712736,-0.12722303934739698,49,Full-time,4,3,No,40932,23978,1100,3.4,5,C,Child Benefit,Child Benefit,No,0
WES-1091,SW1V 3,51.50521251856882,-0.12307549668519262,18,Unemployed,3,0,No,6815,16548,808,5.8,3,D,None,None,No,0
WES-1092,SW1P 4,51.51075223405203,-0.1305920201022458,47,Full-time,2,0,No,54830,4185,867,15.7,3,F,None,None,No,0
WES-1093,SW1P 4,51.50756637010842,-0.12698197404770453,51,Full-time,3,0,No,69123,14136,726,7.6,2,D,None,None,No,0
WES-1094,SW1V 3,51.508181552243805,-0.12471205264454469,50,Full-time,1,0,Yes,46705,1365,546,10.1,1,F,PIP,PIP,No,0
WES-1095,SW1P 4,51.513592096666805,-0.12446083039864146,53,Full-time,1,0,No,58446,12200,523,1.8,1,E,None,None,No,0
WES-1096,SW1P 4,51.506843612037464,-0.12740326518952258,51,Full-time,2,0,No,46332,358,831,6.2,3,D,None,None,No,0
WES-1097,SW1V 3,51.51141898720677,-0.13075593281628584,49,Full-time,1,0,No,47981,18966,673,7.1,2,C,None,None,No,0
WES-1098,SW1P 4,51.507431703300625,-0.12519262784970273,48,Full-time,1,0,No,35065,14401,559,3.5,1,E,None,None,No,0
WES-1099,SW1V 3,51.50580926309553,-0.12322795550820495,70,Retired,1,0,No,17353,3166,580,0.3,1,G,Universal Credit,Universal Credit,Yes,2242
WES-1100,SW1V 3,51.50882287972657,-0.1286720771659131,54,Full-time,2,1,Yes,26980,1914,654,21.9,2,D,"Child Benefit, PIP","Child Benefit, PIP",No,0
WES-1101,SW1V 3,51.50865037417521,-0.12201884982008955,33,Full-time,3,0,Yes,50028,977,1015,0.8,4,D,PIP,PIP,No,0
WES-1102,SW1V 3,51.50527831108887,-0.12901009981852163,18,Full-time,3,2,No,48235,7592,684,4.7,2,D,Child Benefit,Child Benefit,No,0
WES-1103,SW1P 4,51.50963688201251,-0.12390121766015552,37,Full-time,2,1,No,45873,12766,674,16.2,2,D,Child Benefit,Child Benefit,No,0
WES-1104,SW1P 4,51.50910344502536,-0.12765123910412998,52,Full-time,2,0,Yes,56557,3970,530,0.5,1,D,PIP,PIP,No,0
WES-1105,SW1P 4,51.508598106818546,-0.12639210123958644,25,Part-time,2,1,No,22549,892,586,7.1,1,C,Child Benefit,None,No,0
WES-1106,SW1V 3,51.50708648648556,-0.12405441042439569,31,Full-time,3,2,No,52416,28259,712,7.7,2,D,Child Benefit,None,No,0
WES-1107,SW1V 3,51.50461202514103,-0.11760085757874147,38,Full-time,5,1,No,37539,13089,1104,6.9,5,C,Child Benefit,None,No,0
WES-1108,SW1P 4,51.508438122005685,-0.12573034773440675,78,Retired,1,0,Yes,16662,24965,537,5.7,1,D,PIP,PIP,No,0
WES-1109,SW1V 3,51.510784652909074,-0.12906246709656116,21,Full-time,4,1,No,44339,7324,878,3.6,3,E,Child Benefit,Child Benefit,No,0
WES-1110,SW1P 4,51.50901843603668,-0.12679596465393633,47,Unemployed,1,0,No,8127,6536,701,2.1,2,E,Universal Credit,Universal Credit,Yes,1001
WES-1111,SW1P 4,51.509937906621325,-0.12561066221029613,32,Full-time,4,3,No,45096,14318,888,8.9,3,D,Child Benefit,None,No,0
WES-1112,SW1P 4,51.50693795914147,-0.12681151890506856,29,Full-time,2,1,No,47395,2056,704,2.5,2,C,Child Benefit,Child Benefit,No,0
WES-1113,SW1P 4,51.51044852444426,-0.12636376087075732,40,Full-time,4,3,No,44850,11779,970,6.1,4,F,Child Benefit,Child Benefit,No,0
WES-1114,SW1P 4,51.50982576253733,-0.12217957842754402,47,Full-time,6,5,Yes,36329,17341,1194,0.6,5,D,"Child Benefit, PIP",Child Benefit,No,0
WES-1115,SW1V 3,51.51190442988927,-0.12371996822064865,66,Part-time,1,0,No,28086,2630,504,4.9,1,E,None,None,No,0
WES-1116,SW1P 4,51.50808195348542,-0.1282515613626279,36,Full-time,2,1,No,53297,7056,739,4.6,2,E,Child Benefit,Child Benefit,No,0
WES-1117,SW1P 4,51.5107443500576,-0.12706256867493454,32,Full-time,4,0,No,41903,2224,970,6.5,4,B,None,None,No,0
WES-1118,SW1P 4,51.51083309718195,-0.12741899341497284,47,Part-time,2,1,Yes,25457,18207,679,0.3,2,E,"Child Benefit, PIP","Child Benefit, PIP",No,0
WES-1119,SW1P 4,51.511124817243484,-0.12433472178927107,32,Full-time,3,1,No,37725,5966,862,3.4,3,C,Child Benefit,Child Benefit,No,0
WES-1120,SW1V 3,51.51004619988308,-0.12305335265259958,31,Full-time,3,2,No,43141,7263,710,5.1,2,F,Child Benefit,None,No,0
WES-1121,SW1P 4,51.51185109478709,-0.1252773412592664,18,Full-time,2,0,No,35398,8568,739,16.6,2,C,None,None,No,0
WES-1122,SW1V 3,51.50795154328589,-0.12869793827295042,44,Part-time,1,0,Yes,32052,4838,509,1.9,1,C,PIP,PIP,No,0
WES-1123,SW1P 4,51.507957752797914,-0.12517825174849873,42,Full-time,1,0,No,57640,1355,669,1.6,2,C,None,None,No,0
WES-1124,SW1P 4,51.50537490828623,-0.12728715803203888,56,Full-time,1,0,No,36711,14067,532,2.6,1,C,None,None,No,0
WES-1125,SW1V 3,51.50687949512597,-0.1242900052177105,73,Retired,6,4,No,11522,18456,1169,4.7,5,E,"Child Benefit, Pension Credit","Child Benefit, Pension Credit",No,0
WES-1126,SW1V 3,51.50760323956189,-0.1196699721321,71,Retired,2,1,No,7828,1780,863,2.6,3,E,"Child Benefit, Pension Credit","Child Benefit, Pension Credit",Yes,2722
WES-1127,SW1P 4,51.51063172199752,-0.13003838409768048,46,Full-time,4,1,No,62243,12246,952,4.8,4,E,Child Benefit,Child Benefit,No,0
WES-1128,SW1P 4,51.507463194201165,-0.12207700365073126,18,Part-time,1,0,Yes,24650,6616,584,8.5,1,C,PIP,PIP,No,0
WES-1129,SW1P 4,51.51062674969914,-0.12763064949695238,60,Part-time,4,2,No,27094,6781,1103,7.9,5,E,"Child Benefit, Child Tax Credit","Child Benefit, Child Tax Credit",No,0
WES-1130,SW1V 3,51.50888304192773,-0.12497628558703396,52,Full-time,2,0,No,48052,87533,826,23.4,3,D,None,None,No,0
WES-1131,SW1P 4,51.50961738193207,-0.12811611548115104,53,Part-time,4,3,No,23488,4401,1039,10.3,4,C,"Child Benefit, Child Tax Credit",Child Benefit,No,0
WES-1132,SW1P 4,51.50730326437954,-0.12077686011081314,48,Full-time,1,0,No,51793,20095,514,9.8,1,C,None,None,No,0
WES-1133,SW1P 4,51.507149077110284,-0.12690620023355,52,Full-time,4,2,No,42644,1064,845,8.6,3,D,Child Benefit,Child Benefit,No,0
WES-1134,SW1V 3,51.50994722117446,-0.12369761765508207,26,Unemployed,5,2,No,5177,8887,1021,3.7,4,C,"Child Benefit, Child Tax Credit, Universal Credit","Child Benefit, Child Tax Credit, Universal Credit",No,0
WES-1135,SW1V 3,51.50812493175989,-0.12852769617432921,41,Full-time,4,2,No,51795,27438,1012,24.0,4,D,Child Benefit,Child Benefit,No,0
WES-1136,SW1P 4,51.50956406038658,-0.12468145654854348,35,Part-time,2,1,No,32120,1157,743,1.5,2,D,Child Benefit,None,No,0
WES-1137,SW1P 4,51.509356625924944,-0.12300259285893753,58,Full-time,1,0,No,49930,529,549,5.2,1,D,None,None,No,0
WES-1138,SW1V 3,51.51007218128148,-0.12848205940257174,48,Full-time,1,0,No,49706,10929,575,3.4,1,D,None,None,No,0
WES-1139,SW1V 3,51.510271606275204,-0.1250099714287115,76,Retired,3,0,No,7435,4065,875,4.3,3,D,Pension Credit,Pension Credit,No,0
WES-1140,SW1V 3,51.50960297075208,-0.1229794269146228,41,Unemployed,1,0,No,8178,2262,556,1.9,1,C,Universal Credit,Universal Credit,No,0
WES-1141,SW1V 3,51.50601987941506,-0.11824659789407571,34,Unemployed,2,0,No,8450,27861,884,2.0,3,D,None,None,Yes,1302
WES-1142,SW1P 4,51.508269654144456,-0.12506041011528693,33,Full-time,1,0,No,65111,74040,544,0.8,1,D,None,None,No,0
WES-1143,SW1P 4,51.50965835603858,-0.12465518332079183,27,Full-time,3,0,No,55519,23,979,6.1,4,C,None,None,No,0
WES-1144,SW1P 4,51.50727045426969,-0.1232441080146603,26,Part-time,4,3,No,28275,1253,1101,2.6,5,D,"Child Benefit, Child Tax Credit","Child Benefit, Child Tax Credit",No,0
WES-1145,SW1P 4,51.50896472055537,-0.12295921562466242,27,Part-time,1,0,No,28827,20262,665,4.5,2,G,None,None,No,1572
WES-1146,SW1V 3,51.51033509041333,-0.11766567037908483,37,Full-time,1,0,No,55699,28023,535,7.1,1,D,None,None,No,0
WES-1147,SW1V 3,51.51073603130915,-0.12530562479765633,23,Full-time,2,0,No,52185,5759,706,5.2,2,B,None,None,No,0
WES-1148,SW1P 4,51.50371655668457,-0.12645976473007564,26,Full-time,1,0,No,48446,15196,740,2.5,2,D,None,None,No,0
WES-1149,SW1V 3,51.510944246604744,-0.1253664835191314,67,Retired,1,0,Yes,23178,53646,716,1.6,2,F,PIP,PIP,Yes,759
WES-1150,SW1P 4,51.50775997794023,-0.12821458894202856,38,Part-time,2,1,No,31588,13855,528,10.5,1,C,Child Benefit,Child Benefit,No,0
WES-1151,SW1P 4,51.51376584887386,-0.1311168164187203,37,Full-time,4,2,Yes,41911,890,843,2.5,3,E,"Child Benefit, PIP","Child Benefit, PIP",No,0
WES-1152,SW1V 3,51.50613397001333,-0.11947775199075009,31,Full-time,2,0,No,57588,9282,516,7.9,1,D,None,None,No,0
WES-1153,SW1P 4,51.50900747932299,-0.12429692048470371,61,Part-time,1,0,No,29192,4839,516,12.6,1,F,None,None,No,0
WES-1154,SW1P 4,51.5085577514463,-0.12493417983775931,60,Full-time,2,1,No,54679,6747,577,7.8,1,D,Child Benefit,Child Benefit,No,0
WES-1155,SW1V 3,51.509329397057456,-0.12122424106096419,62,Full-time,4,2,Yes,46160,53385,1179,1.5,5,E,"Child Benefit, PIP","Child Benefit, PIP",No,3249
WES-1156,SW1P 4,51.50942014121269,-0.1275801516737699,57,Part-time,1,0,No,32613,5235,535,0.1,1,E,None,None,No,0
WES-1157,SW1V 3,51.50886116641321,-0.12526428384965502,35,Full-time,2,1,No,50818,1024,813,2.6,3,E,Child Benefit,Child Benefit,No,0
WES-1158,SW1P 4,51.50892658741474,-0.12610934239006252,20,Student,1,0,No,6555,29860,727,3.1,2,C,None,None,Yes,2507
WES-1159,SW1V 3,51.50781622452766,-0.12546331171020447,45,Full-time,3,0,Yes,54101,9075,851,10.3,3,D,PIP,PIP,No,0
WES-1160,SW1P 4,51.51018674524431,-0.12402165277201489,48,Full-time,2,0,No,60327,2590,724,12.8,2,C,None,None,No,0
WES-1161,SW1V 3,51.508072575696005,-0.1275785700966647,45,Part-time,1,0,No,25366,1611,658,2.7,2,E,None,None,No,0
WES-1162,SW1P 4,51.51021702630689,-0.1252458069363204,43,Part-time,2,1,No,31365,10212,888,2.9,3,D,Child Benefit,None,No,0
WES-1163,SW1V 3,51.5068671920278,-0.12743981110773878,32,Full-time,1,0,No,68170,113033,547,0.7,1,D,None,None,No,0
WES-1164,SW1P 4,51.50561229036773,-0.1325885428594117,36,Part-time,2,1,No,23917,8062,572,7.6,1,E,Child Benefit,Child Benefit,No,0
WES-1165,SW1V 3,51.509646264105385,-0.1303612762980482,57,Full-time,1,0,No,37295,18734,598,1.3,1,D,None,None,No,0
WES-1166,SW1V 3,51.50858183835079,-0.12870656236734443,56,Full-time,1,0,Yes,43381,1992,502,3.2,1,D,PIP,PIP,No,0
WES-1167,SW1V 3,51.50853003845319,-0.12146437044331643,36,Full-time,2,1,No,54056,1921,524,1.9,1,E,Child Benefit,Child Benefit,No,0
WES-1168,SW1P 4,51.51041141591224,-0.11994299732034419,73,Retired,2,1,No,16932,358,586,13.7,1,E,Child Benefit,Child Benefit,Yes,761
WES-1169,SW1P 4,51.50814075199953,-0.1275598025622147,81,Retired,1,0,No,13758,4099,574,4.5,1,F,Universal Credit,None,Yes,740
WES-1170,SW1P 4,51.51016579865719,-0.12494463687931819,38,Full-time,1,0,No,55783,2684,548,6.2,1,F,None,None,No,0
WES-1171,SW1V 3,51.50670237362393,-0.12470980499756214,54,Part-time,1,0,No,24444,47527,745,4.5,2,D,None,None,No,0
WES-1172,SW1V 3,51.50871539001129,-0.12446464112686241,25,Full-time,2,0,No,49725,769,876,11.1,3,D,None,None,No,772
WES-1173,SW1P 4,51.50630259504523,-0.13049437305565126,51,Full-time,2,0,Yes,40598,17975,683,3.0,2,D,PIP,None,No,0
WES-1174,SW1P 4,51.50704184167379,-0.12255626109260827,41,Full-time,4,3,No,34089,182,891,0.1,3,F,Child Benefit,None,No,0
WES-1175,SW1P 4,51.50633161721795,-0.12153706707882703,45,Full-time,1,0,No,47935,10783,733,3.9,2,C,None,None,No,0
WES-1176,SW1P 4,51.504766920097275,-0.12267745893048924,34,Full-time,2,0,No,55116,31476,809,22.0,3,E,None,None,No,0
WES-1177,SW1V 3,51.50999217623908,-0.12505828839539557,42,Full-time,2,0,No,31580,27456,846,0.9,3,E,None,None,No,0
WES-1178,SW1P 4,51.50812175921845,-0.12293504966422662,43,Full-time,2,1,No,61600,13513,740,0.2,2,C,Child Benefit,Child Benefit,No,0
WES-1179,SW1P 4,51.50889789629359,-0.12300169487773284,56,Full-time,2,1,No,42844,574,690,0.8,2,A,Child Benefit,Child Benefit,No,0
WES-1180,SW1P 4,51.51123367292121,-0.12823283705556898,36,Full-time,1,0,Yes,42708,3181,685,2.2,2,D,PIP,PIP,No,0
WES-1181,SW1P 4,51.50714487069533,-0.12741201404584,56,Full-time,1,0,No,35609,21562,515,4.7,1,C,None,None,No,0
WES-1182,SW1V 3,51.50876651446772,-0.13094766012903064,56,Full-time,2,0,No,35442,21344,562,0.6,1,D,None,None,No,0
WES-1183,SW1P 4,51.508133606762556,-0.12676442205055266,39,Part-time,1,0,Yes,27129,470,512,0.3,1,C,PIP,PIP,No,0
WES-1184,SW1V 3,51.50937900246124,-0.12336319048946366,51,Full-time,5,0,No,63070,7346,1032,14.2,4,E,None,None,No,0
WES-1185,SW1V 3,51.50785352407095,-0.12588086697417483,51,Full-time,1,0,No,64373,29777,598,1.2,1,F,None,None,No,0
WES-1186,SW1P 4,51.50754232508798,-0.12828832729212936,55,Full-time,3,0,No,44472,28524,1031,24.1,4,C,None,None,No,0
WES-1187,SW1P 4,51.50765497453116,-0.1287074157948177,28,Full-time,2,0,No,35116,6597,518,0.5,1,D,None,None,No,0
WES-1188,SW1V 3,51.508188203644124,-0.1273448618894718,47,Full-time,3,2,No,52516,13785,862,27.9,3,D,Child Benefit,Child Benefit,No,0
WES-1189,SW1V 3,51.5069830093306,-0.1253607115865393,30,Full-time,6,0,No,38026,4603,1134,1.4,5,C,None,None,No,0
WES-1190,SW1P 4,51.512243495637385,-0.12423223224900168,49,Part-time,1,0,No,24533,17850,715,3.7,2,C,None,None,No,0
WES-1191,SW1V 3,51.506203473422495,-0.12313064795995453,71,Retired,2,0,No,11925,13285,527,7.2,1,D,Pension Credit,Pension Credit,No,0
WES-1192,SW1V 3,51.507845763606824,-0.13057066571406942,43,Full-time,4,1,No,52477,10338,984,8.1,4,E,Child Benefit,None,No,0
WES-1193,SW1P 4,51.50909571218841,-0.12066761120906219,37,Full-time,1,0,No,55268,1437,745,1.3,2,F,None,None,No,0
WES-1194,SW1P 4,51.50693246866882,-0.1277716231569488,31,Full-time,1,0,No,40514,16761,659,0.5,2,E,None,None,No,0
WES-1195,SW1V 3,51.50368531158603,-0.1299012586809923,48,Full-time,3,0,No,44458,3464,1009,9.6,4,D,None,None,No,0
WES-1196,SW1P 4,51.507659209755275,-0.1216121489201599,49,Full-time,4,3,No,56049,992,960,10.4,4,D,Child Benefit,None,No,0
WES-1197,SW1V 3,51.51175228559757,-0.12332049189962072,44,Full-time,1,0,No,41707,2623,591,0.4,1,D,None,None,No,0
WES-1198,SW1V 3,51.51011778584021,-0.12406060870755702,65,Full-time,1,0,No,45848,4413,551,8.1,1,E,None,None,No,0
WES-1199,SW1V 3,51.5096388285338,-0.1260763627800087,49,Full-time,2,1,No,43728,11059,880,9.5,3,C,Child Benefit,Child Benefit,No,0
WES-1200,SW1P 4,51.51261308712966,-0.12909266530597777,52,Full-time,1,0,Yes,39663,2709,505,0.0,1,E,PIP,PIP,No,0
WES-1201,SW1P 4,51.50960197331514,-0.12782873956424753,26,Full-time,1,0,No,35601,3718,658,19.3,2,D,None,None,No,0
WES-1202,SW1P 4,51.509262296093304,-0.12332679089317168,67,Retired,1,0,Yes,10411,11867,547,5.1,1,F,"Universal Credit, PIP, Pension Credit","Universal Credit, PIP, Pension Credit",Yes,2151
WES-1203,SW1V 3,51.50994882094287,-0.12711855426704893,25,Full-time,4,2,No,57249,16778,831,3.1,3,D,Child Benefit,Child Benefit,No,0
WES-1204,SW1P 4,51.50906127280898,-0.1204241385474146,50,Full-time,4,2,No,51502,10717,844,10.3,3,D,Child Benefit,None,No,0
WES-1205,SW1P 4,51.506352929429845,-0.12582847014393472,45,Full-time,1,0,No,42540,7061,669,9.8,2,G,None,None,No,0
WES-1206,SW1V 3,51.50836598571611,-0.12741412266434973,47,Full-time,3,2,No,45451,16038,979,7.4,4,C,Child Benefit,Child Benefit,No,0
WES-1207,SW1P 4,51.50848695736954,-0.12538818349755332,36,Full-time,2,1,No,37702,16682,558,5.8,1,C,Child Benefit,None,No,0
WES-1208,SW1P 4,51.50630154349928,-0.12675547251701166,54,Full-time,2,1,No,34804,2552,510,3.9,1,C,Child Benefit,None,No,0
WES-1209,SW1V 3,51.50693047618374,-0.12287229435439144,57,Full-time,2,1,No,57975,4760,866,7.1,3,F,Child Benefit,Child Benefit,No,1417
WES-1210,SW1V 3,51.508207926788515,-0.12182886974622532,58,Full-time,4,1,No,36423,21460,1033,1.2,4,D,Child Benefit,Child Benefit,No,0
WES-1211,SW1P 4,51.50537039445727,-0.12458150102460411,52,Full-time,2,1,No,43778,12895,819,0.4,3,E,Child Benefit,Child Benefit,No,0
WES-1212,SW1V 3,51.50923720165824,-0.12475282419919353,43,Unemployed,1,0,No,8394,7813,534,0.1,1,B,Universal Credit,None,No,0
WES-1213,SW1P 4,51.51116980649569,-0.12381075036480399,61,Full-time,3,0,Yes,66180,15255,873,7.9,3,C,PIP,PIP,No,0
WES-1214,SW1V 3,51.508897805324295,-0.12631944295553055,53,Full-time,2,0,No,46911,42184,860,4.2,3,D,None,None,No,0
WES-1215,SW1V 3,51.50890410923205,-0.1237428338512693,47,Part-time,6,5,No,26855,13718,1185,1.2,5,D,"Child Benefit, Child Tax Credit","Child Benefit, Child Tax Credit",No,0
WES-1216,SW1P 4,51.50596397158523,-0.12864078352889255,90,Retired,2,0,No,15223,1227,821,8.1,3,D,None,None,Yes,1074
WES-1217,SW1V 3,51.51036314253736,-0.1249161999476043,49,Full-time,1,0,Yes,55193,20058,722,2.0,2,G,PIP,None,No,1536
WES-1218,SW1V 3,51.50864955253584,-0.1270324660728983,49,Full-time,2,0,No,42003,3550,737,1.6,2,C,None,None,No,0
WES-1219,SW1P 4,51.51096396894254,-0.13331216578820965,38,Part-time,3,0,No,26864,6585,675,6.7,2,E,None,None,No,0
WES-1220,SW1V 3,51.5066466033823,-0.12314679235793817,67,Retired,1,0,No,9472,5602,586,0.0,1,C,"Universal Credit, Pension Credit","Universal Credit, Pension Credit",No,922
WES-1221,SW1V 3,51.50650731663565,-0.12275064710107036,27,Full-time,2,1,No,43460,5650,812,4.6,3,G,Child Benefit,Child Benefit,No,0
WES-1222,SW1P 4,51.50750123140281,-0.11938249552395454,39,Full-time,2,1,No,32665,9076,662,8.6,2,E,Child Benefit,Child Benefit,No,0
WES-1223,SW1P 4,51.512308273179144,-0.12082212325391381,78,Retired,1,0,No,12205,6982,562,6.5,1,D,Universal Credit,None,No,0
WES-1224,SW1V 3,51.50706990363406,-0.12315864504306108,42,Full-time,3,1,Yes,58962,6868,708,0.5,2,E,"Child Benefit, PIP","Child Benefit, PIP",No,0
WES-1225,SW1P 4,51.50877080496497,-0.1307053162617079,82,Retired,3,0,No,16122,23596,730,5.9,2,C,None,None,No,0
WES-1226,SW1V 3,51.507330764538686,-0.1286992584032644,33,Full-time,5,2,No,62319,2517,1116,4.0,5,D,Child Benefit,Child Benefit,No,0
WES-1227,SW1P 4,51.51084332462356,-0.1267960078590374,36,Full-time,2,1,No,38010,1975,682,5.9,2,E,Child Benefit,Child Benefit,No,0
WES-1228,SW1P 4,51.50988664938066,-0.12495246398485832,31,Full-time,2,1,No,48892,15812,742,1.4,2,E,Child Benefit,Child Benefit,No,0
WES-1229,SW1P 4,51.507220016366446,-0.12619866445413047,68,Retired,1,0,Yes,13689,458,732,19.5,2,D,"Universal Credit, PIP","Universal Credit, PIP",No,1953
WES-1230,SW1V 3,51.506666364316516,-0.12470597505966198,53,Full-time,1,0,Yes,56921,14620,598,27.7,1,C,PIP,PIP,No,0
WES-1231,SW1P 4,51.50685964624191,-0.1294541347392822,37,Full-time,5,3,No,37608,4781,974,2.5,4,F,Child Benefit,None,No,0
WES-1232,SW1P 4,51.50995039894534,-0.12310440417599618,47,Full-time,4,1,No,44445,18941,1033,11.6,4,D,Child Benefit,Child Benefit,No,0
WES-1233,SW1P 4,51.50629117744497,-0.1229280886242468,37,Full-time,2,0,Yes,43565,9977,514,0.7,1,F,PIP,None,No,0
WES-1234,SW1P 4,51.5112441228479,-0.12533146968437942,29,Full-time,5,3,No,50376,16051,1109,13.7,5,C,Child Benefit,None,No,0
WES-1235,SW1V 3,51.510128338966666,-0.12784655045777496,34,Full-time,3,0,No,45765,494,1039,6.5,4,E,None,None,No,0
WES-1236,SW1V 3,51.51168100668913,-0.1314234226736322,32,Full-time,1,0,No,53009,4372,541,5.2,1,E,None,None,No,0
WES-1237,SW1V 3,51.50752321653837,-0.12443964600524408,46,Full-time,1,0,No,42319,12509,514,1.2,1,E,None,None,No,0
WES-1238,SW1V 3,51.50402734194337,-0.1272999142002836,48,Unemployed,2,1,No,7403,4310,667,6.4,2,C,"Child Benefit, Universal Credit","Child Benefit, Universal Credit",No,0
WES-1239,SW1P 4,51.50959939883662,-0.12489998170865005,31,Full-time,5,3,No,51685,718,966,2.3,4,E,Child Benefit,Child Benefit,No,0
WES-1240,SW1V 3,51.50636142628916,-0.13106083719401956,62,Part-time,1,0,Yes,33946,26343,589,0.3,1,C,PIP,PIP,No,0
WES-1241,SW1P 4,51.509143186422676,-0.12301785120802562,37,Full-time,1,0,No,43482,5671,592,0.3,1,D,None,None,No,0
WES-1242,SW1P 4,51.507902806524775,-0.12487791794198375,47,Full-time,4,1,No,59293,8531,1045,1.7,4,C,Child Benefit,Child Benefit,No,0
WES-1243,SW1V 3,51.50799920270526,-0.12117709932325896,34,Full-time,2,1,Yes,61394,9088,559,9.1,1,C,"Child Benefit, PIP","Child Benefit, PIP",No,0
WES-1244,SW1P 4,51.50938700344117,-0.12915560515376032,34,Part-time,2,1,No,24686,8757,707,9.6,2,C,Child Benefit,Child Benefit,No,0
WES-1245,SW1V 3,51.50805005340142,-0.12422637700376402,39,Full-time,5,1,No,41778,4272,953,7.2,4,F,Child Benefit,Child Benefit,No,0
WES-1246,SW1V 3,51.51335828864402,-0.12179906042359323,36,Full-time,2,0,No,51442,24571,507,1.5,1,F,None,None,No,0
WES-1247,SW1V 3,51.50670671554537,-0.13002553327799915,57,Full-time,1,0,No,55241,9936,726,7.1,2,D,None,None,No,0
WES-1248,SW1P 4,51.509555074317355,-0.12648439691195762,70,Retired,2,1,No,14709,17077,694,0.4,2,C,Child Benefit,Child Benefit,No,0
WES-1249,SW1V 3,51.50603175772998,-0.12870665105678017,33,Full-time,2,1,Yes,39414,695,836,6.4,3,C,"Child Benefit, PIP",Child Benefit,No,0
WES-1250,SW1P 4,51.5083900377134,-0.12709746623675883,29,Full-time,1,0,No,48112,15237,558,25.3,1,D,None,None,No,0
WES-1251,SW1V 3,51.506931018713516,-0.11902194334269994,45,Full-time,1,0,Yes,49957,11122,596,1.8,1,D,PIP,None,No,0
WES-1252,SW1V 3,51.5098268954583,-0.12787273959617504,53,Full-time,1,0,No,44435,28148,526,2.4,1,D,None,None,No,0
WES-1253,SW1P 4,51.51033463032272,-0.12364898273574926,44,Full-time,2,1,Yes,50554,28401,579,0.3,1,C,"Child Benefit, PIP","Child Benefit, PIP",No,0
WES-1254,SW1P 4,51.50650020014747,-0.1264115632152362,46,Unemployed,4,3,No,8216,16759,976,7.7,4,D,Child Benefit,Child Benefit,No,0
WES-1255,SW1P 4,51.5117443862031,-0.11984657385510662,33,Full-time,1,0,No,48005,7828,535,0.9,1,D,None,None,No,0
WES-1256,SW1V 3,51.51024835383448,-0.12459714047937087,47,Part-time,2,1,No,25591,8760,586,0.3,1,D,Child Benefit,Child Benefit,No,0
WES-1257,SW1P 4,51.50833321275774,-0.13526343442812044,55,Full-time,3,2,Yes,45168,5845,853,4.8,3,C,"Child Benefit, PIP","Child Benefit, PIP",No,0
WES-1258,SW1V 3,51.51034866856598,-0.13215715063382755,58,Part-time,3,2,No,28674,11385,969,12.4,4,D,"Child Benefit, Child Tax Credit","Child Benefit, Child Tax Credit",No,0
WES-1259,SW1P 4,51.50452531964628,-0.12647238055473428,62,Full-time,3,2,No,47685,1910,688,5.1,2,E,Child Benefit,Child Benefit,No,0
WES-1260,SW1V 3,51.511378891430304,-0.12232591242960932,55,Full-time,2,0,Yes,47515,13212,838,4.7,3,F,PIP,PIP,Yes,560
WES-1261,SW1P 4,51.51244172854143,-0.1257584060972313,32,Full-time,3,0,Yes,38285,33613,1010,0.5,4,G,PIP,PIP,No,2378
WES-1262,SW1V 3,51.50815954621682,-0.12682254082797056,42,Full-time,4,1,No,49828,5506,886,2.8,3,E,Child Benefit,Child Benefit,No,0
WES-1263,SW1V 3,51.508323911061645,-0.12468524253741248,42,Full-time,2,1,Yes,43551,1817,578,17.0,1,D,"Child Benefit, PIP","Child Benefit, PIP",No,0
WES-1264,SW1P 4,51.51293668696602,-0.12518241965123073,52,Full-time,5,0,No,40453,16887,1189,0.2,5,C,None,None,No,0
WES-1265,SW1V 3,51.51049174395332,-0.12493500974797621,18,Full-time,4,1,No,56277,2832,1146,12.7,5,E,Child Benefit,Child Benefit,No,0
WES-1266,SW1P 4,51.51322322288801,-0.12418323227449238,67,Retired,4,1,Yes,6040,3257,1157,6.8,5,G,"Child Benefit, Child Tax Credit, PIP, Pension Credit","Child Benefit, Child Tax Credit, PIP, Pension Credit",Yes,3022
WES-1267,SW1P 4,51.509371950779,-0.13329673825565908,55,Full-time,3,0,No,49136,6274,978,12.4,4,C,None,None,No,0
WES-1268,SW1P 4,51.506360209341835,-0.12636145846250224,41,Full-time,2,1,Yes,51833,13300,587,2.6,1,D,"Child Benefit, PIP","Child Benefit, PIP",No,0
WES-1269,SW1P 4,51.50363164722831,-0.1302306907362507,43,Full-time,2,0,Yes,49091,921,702,5.6,2,D,PIP,None,No,0
WES-1270,SW1V 3,51.50896995574963,-0.12827708261660614,57,Full-time,3,2,No,40540,9649,994,0.0,4,D,Child Benefit,Child Benefit,No,0
WES-1271,SW1V 3,51.50881338745649,-0.12262940806744398,47,Full-time,3,0,No,35969,9010,730,16.6,2,E,None,None,No,0
WES-1272,SW1P 4,51.51073255132751,-0.12474251912972403,46,Full-time,1,0,Yes,37978,10089,567,3.2,1,C,PIP,None,No,0
WES-1273,SW1V 3,51.508604637095644,-0.12422751449814572,25,Full-time,1,0,No,47664,1787,726,2.4,2,C,None,None,No,0
WES-1274,SW1V 3,51.5072453731081,-0.12211771425016155,28,Full-time,5,4,No,42623,19688,1132,3.3,5,E,Child Benefit,Child Benefit,No,0
WES-1275,SW1V 3,51.50911224140202,-0.12334710069083216,74,Retired,3,1,Yes,10740,15027,695,8.8,2,B,"Child Benefit, Child Tax Credit, PIP, Pension Credit","Child Benefit, Child Tax Credit, PIP, Pension Credit",No,0
WES-1276,SW1V 3,51.51226655153482,-0.12159570455470857,27,Full-time,2,0,No,54690,3324,737,2.3,2,D,None,None,No,0
WES-1277,SW1P 4,51.508133025514,-0.13070940045928905,45,Full-time,2,0,No,47036,14128,819,4.0,3,C,None,None,No,1882
WES-1278,SW1V 3,51.50555152544221,-0.1281316941288761,18,Student,5,4,Yes,5677,1658,1048,0.8,4,C,"Child Benefit, Child Tax Credit, Universal Credit, PIP","Child Benefit, Child Tax Credit, Universal Credit",Yes,3813
WES-1279,SW1P 4,51.50347832999719,-0.12583100105922082,18,Full-time,1,0,No,34190,4430,533,2.4,1,C,None,None,No,0
WES-1280,SW1P 4,51.506869248743364,-0.12889870479569768,76,Retired,2,1,No,19657,2927,679,7.7,2,D,Child Benefit,Child Benefit,No,0
WES-1281,SW1P 4,51.51146021758391,-0.12249486199891796,54,Full-time,5,2,No,49600,25398,1023,0.1,4,C,Child Benefit,None,No,0
WES-1282,SW1V 3,51.50794672826167,-0.12434732587436247,37,Full-time,4,3,No,44708,616,1005,4.3,4,F,Child Benefit,Child Benefit,No,0
WES-1283,SW1V 3,51.505712413267055,-0.12341964487123092,60,Part-time,5,3,No,36505,19425,1181,2.7,5,C,Child Benefit,Child Benefit,No,0
WES-1284,SW1V 3,51.50749726145666,-0.1299541797659068,32,Full-time,4,3,No,42256,21734,1199,0.9,5,D,Child Benefit,Child Benefit,No,0
WES-1285,SW1P 4,51.50704264386611,-0.12677846637061085,82,Retired,2,0,No,15040,2379,805,7.0,3,D,None,None,Yes,1813
WES-1286,SW1P 4,51.506994489301746,-0.12806650968491062,39,Unemployed,1,0,No,4487,5980,558,6.5,1,E,Universal Credit,Universal Credit,No,0
WES-1287,SW1P 4,51.50976243440099,-0.12393142486146998,45,Full-time,1,0,No,49520,5504,590,11.8,1,C,None,None,No,0
WES-1288,SW1V 3,51.510456739875536,-0.12389071594515351,32,Full-time,2,0,No,41112,18344,816,15.3,3,C,None,None,No,0
WES-1289,SW1P 4,51.50805811547699,-0.12848442791483716,46,Full-time,3,2,No,49686,22408,812,3.0,3,F,Child Benefit,Child Benefit,No,0
WES-1290,SW1P 4,51.50599340874539,-0.12612500935606982,26,Full-time,1,0,Yes,42534,9002,592,12.2,1,D,PIP,PIP,No,0
WES-1291,SW1P 4,51.509520455290335,-0.12715437202907068,30,Full-time,2,1,No,64445,20577,568,2.2,1,C,Child Benefit,None,No,0
WES-1292,SW1V 3,51.504609862534274,-0.12992732078326794,38,Full-time,1,0,No,49345,39635,581,3.4,1,C,None,None,No,0
WES-1293,SW1V 3,51.51141116163698,-0.12327761449316267,43,Full-time,4,0,No,43916,31488,979,8.9,4,E,None,None,No,0
WES-1294,SW1P 4,51.50845544204163,-0.12375819754067854,18,Student,1,0,No,7888,29229,589,0.6,1,C,None,None,No,0
WES-1295,SW1P 4,51.50739415832526,-0.12535320600880884,28,Part-time,1,0,No,25205,56911,690,9.9,2,D,None,None,No,0
WES-1296,SW1V 3,51.50638734400139,-0.12887551116298746,31,Full-time,4,1,No,43568,314,851,8.6,3,E,Child Benefit,None,No,0
WES-1297,SW1V 3,51.5059184222677,-0.12630875238903133,48,Part-time,4,3,No,27434,24366,870,23.7,3,D,Child Benefit,Child Benefit,No,0
WES-1298,SW1V 3,51.51036548721669,-0.1323998364580673,52,Full-time,1,0,No,40187,20175,557,6.2,1,C,None,None,No,0
WES-1299,SW1V 3,51.50491378709493,-0.1229953462302757,60,Part-time,4,2,No,34059,6291,1128,5.9,5,C,Child Benefit,Child Benefit,No,0
WES-1300,SW1V 3,51.50993870289858,-0.12407310369208278,52,Full-time,4,0,No,49965,2411,859,5.4,3,C,None,None,No,0
WES-1301,SW1P 4,51.507080422015534,-0.12353541291162844,46,Full-time,3,2,Yes,28185,7127,664,4.4,2,C,"Child Benefit, Child Tax Credit, PIP","Child Benefit, Child Tax Credit, PIP",No,0
WES-1302,SW1P 4,51.50628009432592,-0.12225881586647872,47,Part-time,1,0,Yes,26489,5306,556,0.6,1,A,PIP,PIP,No,0
WES-1303,SW1V 3,51.50704307675664,-0.12518008590214263,30,Full-time,3,1,No,61907,3262,694,1.1,2,C,Child Benefit,Child Benefit,No,0
WES-1304,SW1V 3,51.51385595455234,-0.12550591668271088,35,Full-time,2,0,No,48993,37738,695,3.3,2,F,None,None,No,0
WES-1305,SW1P 4,51.50270021243945,-0.12538241280585585,57,Full-time,2,1,No,44463,23693,845,17.0,3,D,Child Benefit,Child Benefit,No,0
WES-1306,SW1V 3,51.50778363487207,-0.12083222549330128,65,Part-time,2,1,No,21551,11834,832,1.4,3,D,Child Benefit,Child Benefit,No,0
WES-1307,SW1P 4,51.50332316673559,-0.12557294360769772,53,Part-time,3,1,Yes,32641,11999,995,1.0,4,D,"Child Benefit, PIP","Child Benefit, PIP",No,0
WES-1308,SW1P 4,51.50799702148502,-0.12241698064079204,51,Part-time,2,0,No,28098,25371,870,5.5,3,D,None,None,No,0
WES-1309,SW1V 3,51.509274863743165,-0.12540908946971746,42,Full-time,4,2,No,44968,2271,970,2.0,4,D,Child Benefit,Child Benefit,No,0
WES-1310,SW1P 4,51.50932106402882,-0.12305914476304866,53,Full-time,3,1,Yes,47245,19424,894,0.8,3,D,"Child Benefit, PIP","Child Benefit, PIP",No,0
WES-1311,SW1P 4,51.50919327239313,-0.12400131970531215,49,Full-time,3,2,No,53113,14647,651,5.5,2,D,Child Benefit,Child Benefit,No,0
WES-1312,SW1V 3,51.51013367741926,-0.12391570525566921,57,Full-time,2,0,Yes,41349,12252,819,2.6,3,F,PIP,PIP,Yes,3048
WES-1313,SW1P 4,51.50785940439093,-0.12528510564960027,37,Full-time,1,0,No,42888,9175,555,3.9,1,D,None,None,No,0
WES-1314,SW1P 4,51.5075234523151,-0.12380001952178629,45,Full-time,4,3,No,35350,7720,1192,3.3,5,D,Child Benefit,Child Benefit,No,0
WES-1315,SW1P 4,51.50681525838854,-0.11919019023575837,23,Full-time,2,1,No,43472,75006,685,12.2,2,D,Child Benefit,Child Benefit,No,0
WES-1316,SW1V 3,51.510224447023774,-0.12994868116737796,27,Part-time,3,1,No,17444,1803,675,1.1,2,D,"Child Benefit, Child Tax Credit",Child Tax Credit,No,0
WES-1317,SW1P 4,51.50545964858888,-0.12852138086935727,45,Full-time,1,0,No,50118,40449,689,5.1,2,D,None,None,No,0
WES-1318,SW1V 3,51.51042397437814,-0.12641103591003788,56,Full-time,3,0,No,50513,16618,964,3.1,4,C,None,None,No,0
WES-1319,SW1V 3,51.511739649209964,-0.1247563434883897,47,Part-time,6,4,No,27247,3413,1152,8.8,5,C,"Child Benefit, Child Tax Credit",Child Benefit,No,0
WES-1320,SW1V 3,51.50338736426505,-0.12527567846122994,65,Part-time,1,0,No,34791,10044,691,10.1,2,D,None,None,No,0
WES-1321,SW1V 3,51.50962772633785,-0.12391352730708223,36,Full-time,3,0,No,46807,7791,716,1.6,2,D,None,None,No,0
WES-1322,SW1V 3,51.50714751758351,-0.12898309439265043,36,Full-time,3,0,No,60764,3928,688,2.0,2,D,None,None,No,0
WES-1323,SW1P 4,51.51061236827925,-0.12477697003979667,28,Full-time,3,1,No,49074,2107,980,9.6,4,D,Child Benefit,Child Benefit,No,0
WES-1324,SW1V 3,51.51028260737374,-0.12568731042301756,54,Full-time,4,2,No,62745,9678,885,8.5,3,E,Child Benefit,Child Benefit,No,0
WES-1325,SW1V 3,51.50814228975698,-0.12272950128312214,41,Full-time,1,0,Yes,48115,5155,518,3.8,1,C,PIP,None,No,0
WES-1326,SW1P 4,51.51215991933951,-0.1253638008744653,62,Full-time,1,0,Yes,44021,8974,709,1.8,2,D,PIP,PIP,No,551
WES-1327,SW1V 3,51.509807253775975,-0.12713627571456507,50,Full-time,2,0,No,39277,14105,848,5.0,3,G,None,None,No,0
WES-1328,SW1P 4,51.510286489256735,-0.12646632064246563,40,Full-time,3,2,Yes,54611,11888,670,13.3,2,D,"Child Benefit, PIP","Child Benefit, PIP",No,0
WES-1329,SW1V 3,51.50535684384264,-0.12200123671485827,50,Full-time,2,1,No,40288,1364,886,2.2,3,D,Child Benefit,Child Benefit,No,0
WES-1330,SW1V 3,51.50859098295266,-0.1240249907303649,72,Retired,3,2,No,10591,46800,985,1.6,4,C,"Child Benefit, Pension Credit",Pension Credit,No,1276
WES-1331,SW1V 3,51.50841889876883,-0.1266311063507439,35,Part-time,1,0,No,29510,23892,584,2.5,1,C,None,None,No,0
WES-1332,SW1V 3,51.50738769614341,-0.12693571751978266,37,Full-time,2,1,No,43774,2252,744,5.1,2,D,Child Benefit,Child Benefit,No,0
WES-1333,SW1V 3,51.50672446097692,-0.12078362420599822,54,Full-time,1,0,No,55925,5851,577,13.2,1,D,None,None,No,0
WES-1334,SW1V 3,51.50788946789527,-0.12699201990053133,51,Full-time,1,0,Yes,42578,21649,573,4.3,1,D,PIP,PIP,No,0
WES-1335,SW1V 3,51.51119916647809,-0.12342023177085759,67,Retired,1,0,No,13725,20181,727,1.4,2,E,None,None,Yes,1151
WES-1336,SW1V 3,51.510913216309724,-0.13028150356976895,29,Full-time,2,0,No,49136,111,523,4.3,1,E,None,None,No,0
WES-1337,SW1P 4,51.51054220314581,-0.12911153632740768,31,Full-time,2,1,Yes,38159,3967,726,6.1,2,D,"Child Benefit, PIP","Child Benefit, PIP",No,0
WES-1338,SW1V 3,51.50816998527726,-0.12245194944904896,62,Full-time,2,0,Yes,70490,9649,870,2.4,3,C,PIP,PIP,No,0
WES-1339,SW1V 3,51.51199475271942,-0.12584211210763332,21,Part-time,2,0,No,21584,9106,890,1.1,3,D,None,None,No,0
WES-1340,SW1P 4,51.5096828843035,-0.12365933891856994,49,Full-time,4,0,No,40578,4351,986,10.4,4,D,None,None,No,0
WES-1341,SW1P 4,51.504883287135165,-0.12654301594209022,42,Full-time,3,1,No,50658,30374,740,10.6,2,C,Child Benefit,Child Benefit,No,0
WES-1342,SW1P 4,51.50728505542476,-0.12691308597807008,34,Full-time,5,1,No,35106,12735,1150,16.2,5,D,Child Benefit,Child Benefit,No,0
WES-1343,SW1V 3,51.511133092344366,-0.12340999754719838,52,Unemployed,6,5,Yes,8233,31719,1130,4.3,5,C,"Child Benefit, PIP","Child Benefit, PIP",No,0
WES-1344,SW1P 4,51.50933867293955,-0.12407727444431704,58,Full-time,2,0,No,54073,6192,873,14.7,3,D,None,None,No,0
WES-1345,SW1P 4,51.51074967412023,-0.12190366344032505,30,Part-time,2,1,Yes,32482,2256,579,7.5,1,D,"Child Benefit, PIP",Child Benefit,No,0
WES-1346,SW1P 4,51.511957759774795,-0.12217967317010267,40,Full-time,4,3,No,54479,379,995,7.7,4,D,Child Benefit,Child Benefit,No,0
WES-1347,SW1P 4,51.51197891144165,-0.12335658757250352,57,Part-time,4,0,No,32491,27521,980,0.1,4,E,None,None,No,0
WES-1348,SW1V 3,51.505833743290445,-0.1305938234867045,38,Full-time,4,3,No,40177,2086,826,6.8,3,F,Child Benefit,Child Benefit,No,0
WES-1349,SW1P 4,51.50591469495168,-0.12924473800371877,20,Student,4,1,No,6251,16759,864,4.1,3,C,Child Benefit,Child Benefit,No,0
WES-1350,SW1P 4,51.509811942929915,-0.12362920080248124,53,Part-time,1,0,No,23670,55999,730,1.5,2,C,None,None,No,0
WES-1351,SW1P 4,51.510337101647586,-0.12129938012953595,53,Part-time,2,0,Yes,22139,31648,801,1.3,3,E,PIP,None,No,0
WES-1352,SW1P 4,51.51232332481256,-0.1242763879606034,46,Part-time,2,0,Yes,23290,1658,568,3.3,1,C,PIP,None,No,0
WES-1353,SW1V 3,51.5095832913757,-0.12826377130393737,46,Part-time,1,0,No,25933,843,553,0.1,1,C,None,None,No,0
WES-1354,SW1V 3,51.50883603068106,-0.12286436539616556,52,Full-time,3,2,Yes,40094,32711,732,1.9,2,E,"Child Benefit, PIP","Child Benefit, PIP",No,0
WES-1355,SW1P 4,51.5026276759398,-0.1311632582078835,36,Full-time,4,1,No,53735,9638,1006,12.5,4,A,Child Benefit,None,No,0
WES-1356,SW1V 3,51.51024564870201,-0.12859847017011125,43,Full-time,3,0,No,45296,58533,863,12.2,3,B,None,None,No,0
WES-1357,SW1P 4,51.50881591520556,-0.1277590105408045,32,Full-time,3,0,No,48663,11063,652,1.4,2,C,None,None,No,0
WES-1358,SW1V 3,51.507991793091925,-0.1276887200168396,45,Part-time,2,0,Yes,29217,280,846,0.9,3,F,PIP,PIP,No,2590
WES-1359,SW1V 3,51.507578449972534,-0.12180380967407939,34,Full-time,2,0,No,60108,8486,698,9.5,2,E,None,None,No,0
WES-1360,SW1V 3,51.50654532488156,-0.12319109459798484,40,Full-time,3,0,No,48730,5785,722,4.2,2,C,None,None,No,0
WES-1361,SW1V 3,51.510985826764795,-0.12739104798699494,51,Unemployed,1,0,No,4501,11171,538,1.3,1,D,Universal Credit,None,No,0
WES-1362,SW1P 4,51.50968904215091,-0.12463124163388176,63,Full-time,1,0,No,34096,30262,746,6.6,2,D,None,None,No,0
WES-1363,SW1P 4,51.50863907821778,-0.1199950926875041,29,Full-time,2,1,No,46482,13236,666,4.1,2,D,Child Benefit,None,No,0
WES-1364,SW1P 4,51.50975322727452,-0.12346366488064586,44,Full-time,3,2,Yes,39806,22575,1001,1.5,4,D,"Child Benefit, PIP","Child Benefit, PIP",No,2989
WES-1365,SW1P 4,51.50791041509845,-0.1285100804394316,64,Part-time,3,1,No,23075,4224,650,7.6,2,D,"Child Benefit, Child Tax Credit","Child Benefit, Child Tax Credit",No,0
WES-1366,SW1P 4,51.5069226561377,-0.125161114201635,22,Full-time,6,1,No,35008,297,1101,12.7,5,C,Child Benefit,Child Benefit,No,0
WES-1367,SW1V 3,51.50791180305239,-0.12488749045249814,51,Full-time,3,0,No,43423,14662,670,0.9,2,E,None,None,No,0
WES-1368,SW1P 4,51.50622323722288,-0.12283419228837839,44,Full-time,5,1,No,53097,28470,1168,2.0,5,B,Child Benefit,None,No,0
WES-1369,SW1P 4,51.50895910228052,-0.12584310740845386,48,Part-time,1,0,Yes,41705,13720,584,2.5,1,D,PIP,PIP,No,0
WES-1370,SW1P 4,51.507523047839776,-0.1278700355062304,54,Part-time,2,0,No,24464,49186,597,4.4,1,D,None,None,No,0
WES-1371,SW1V 3,51.50973245155758,-0.12517953908031873,55,Full-time,4,3,Yes,40498,8118,1188,11.5,5,C,"Child Benefit, PIP",Child Benefit,No,0
WES-1372,SW1P 4,51.506890430043605,-0.12730427001253297,49,Full-time,3,2,Yes,39689,21604,806,9.7,3,D,"Child Benefit, PIP",PIP,No,0
WES-1373,SW1P 4,51.506482515909205,-0.1260848969834196,62,Full-time,3,0,No,46625,45019,818,4.6,3,E,None,None,No,0
WES-1374,SW1P 4,51.50737210427378,-0.12486274842496445,49,Full-time,2,0,No,49845,11254,723,4.9,2,E,None,None,No,0
WES-1375,SW1V 3,51.50673099385388,-0.12726178253304135,18,Full-time,1,0,No,44529,8894,531,20.2,1,C,None,None,No,0
WES-1376,SW1P 4,51.50798489685771,-0.12502693332677062,36,Full-time,1,0,No,38404,25581,695,6.9,2,E,None,None,No,1391
WES-1377,SW1V 3,51.50844239461065,-0.1296855075870454,55,Full-time,2,1,No,46210,581,732,7.8,2,C,Child Benefit,None,No,0
WES-1378,SW1V 3,51.50774037712303,-0.12554839097162127,67,Retired,2,1,No,7633,31823,733,1.3,2,C,"Child Benefit, Pension Credit","Child Benefit, Pension Credit",No,0
WES-1379,SW1P 4,51.504391119556026,-0.11864072265326707,49,Unemployed,1,0,No,4704,43833,702,5.2,2,D,None,None,Yes,2022
WES-1380,SW1V 3,51.51024149328917,-0.12285356071058515,46,Full-time,1,0,No,46726,4408,534,4.0,1,B,None,None,No,0
WES-1381,SW1V 3,51.50880182192725,-0.1312350240193005,56,Part-time,3,0,No,26074,2186,673,0.9,2,C,None,None,No,0
WES-1382,SW1P 4,51.50884301909639,-0.12452717820515724,37,Full-time,4,0,Yes,42363,33665,984,4.4,4,E,PIP,PIP,No,0
WES-1383,SW1P 4,51.508148858211044,-0.1257153137266958,35,Full-time,1,0,No,44112,6848,536,2.8,1,E,None,None,No,0
WES-1384,SW1V 3,51.511028936981354,-0.12684747047673853,37,Part-time,1,0,No,28275,10492,566,4.1,1,D,None,None,No,0
WES-1385,SW1V 3,51.50833988450293,-0.12164665773003987,64,Full-time,4,2,Yes,48020,8046,824,1.1,3,D,"Child Benefit, PIP",PIP,No,0
WES-1386,SW1V 3,51.50749576764027,-0.1287217495753679,44,Full-time,2,0,No,45778,32161,652,3.8,2,C,None,None,No,0
WES-1387,SW1P 4,51.50832762532836,-0.12275195057169018,23,Full-time,2,0,No,60587,28403,518,4.7,1,D,None,None,No,0
WES-1388,SW1V 3,51.506665689017254,-0.12369057570597199,60,Full-time,2,0,No,49783,50044,733,7.6,2,D,None,None,No,0
WES-1389,SW1P 4,51.506078634028384,-0.12851838972595794,61,Unemployed,4,3,No,5125,7227,1191,3.5,5,D,"Child Benefit, Child Tax Credit, Universal Credit","Child Benefit, Child Tax Credit, Universal Credit",No,3391
WES-1390,SW1P 4,51.50405915798213,-0.12903166874690103,25,Full-time,1,0,Yes,58293,6694,695,0.5,2,D,PIP,PIP,No,1115
WES-1391,SW1V 3,51.50718525489201,-0.12584689509257535,55,Part-time,1,0,Yes,41252,9262,726,2.0,2,D,PIP,PIP,No,0
WES-1392,SW1V 3,51.50942253588682,-0.12090503457707691,56,Part-time,1,0,No,20381,43510,523,6.7,1,E,None,None,No,0
WES-1393,SW1P 4,51.50355688018337,-0.1307273753503095,18,Full-time,1,0,No,57426,41121,674,14.6,2,B,None,None,No,0
WES-1394,SW1P 4,51.50957686991443,-0.12409996332258126,31,Full-time,3,2,No,40136,12484,701,0.6,2,D,Child Benefit,Child Benefit,No,0
WES-1395,SW1P 4,51.51241694860226,-0.13115566060406011,42,Full-time,5,4,Yes,58461,30996,1107,0.4,5,C,"Child Benefit, PIP","Child Benefit, PIP",No,0
WES-1396,SW1V 3,51.50772091441083,-0.12683377008085542,33,Full-time,4,3,No,47815,900,1011,1.8,4,D,Child Benefit,Child Benefit,No,0
WES-1397,SW1V 3,51.50971905209042,-0.13036612120152374,48,Full-time,4,3,No,48907,7138,879,18.5,3,D,Child Benefit,Child Benefit,No,0
WES-1398,SW1P 4,51.50603022191174,-0.12283111499372597,79,Retired,5,0,Yes,19023,86401,1122,3.4,5,E,PIP,None,No,0
WES-1399,SW1V 3,51.50664401250066,-0.1234156027050467,55,Part-time,5,2,No,30206,1097,1186,16.3,5,C,Child Benefit,Child Benefit,No,0
WES-1400,SW1V 3,51.511322010414645,-0.12560250041133642,57,Part-time,1,0,No,38157,151,551,1.3,1,D,None,None,No,0
WES-1401,SW1V 3,51.50747664288226,-0.12801464041419036,47,Full-time,1,0,No,44764,7948,580,0.9,1,F,None,None,No,0
WES-1402,SW1P 4,51.50858509651598,-0.12393449764121642,55,Part-time,5,2,No,30371,10653,980,1.6,4,D,Child Benefit,Child Benefit,No,0
WES-1403,SW1V 3,51.50998829557789,-0.12154037959502456,53,Part-time,3,0,No,28659,6820,840,11.1,3,E,None,None,No,0
WES-1404,SW1P 4,51.50807723154036,-0.12787073977092028,44,Full-time,3,1,No,51667,17878,817,6.7,3,D,Child Benefit,Child Benefit,No,0
WES-1405,SW1V 3,51.513602348505,-0.12374933281977918,31,Full-time,1,0,No,60637,5862,735,1.2,2,C,None,None,No,0
WES-1406,SW1V 3,51.506501987534875,-0.12955048540702246,63,Unemployed,3,2,Yes,4027,15192,815,22.1,3,C,"Child Benefit, Child Tax Credit, Universal Credit, PIP","Child Benefit, Child Tax Credit, Universal Credit, PIP",No,0
WES-1407,SW1V 3,51.51010556167183,-0.12493672062771985,35,Full-time,2,0,No,38312,17817,593,5.7,1,D,None,None,No,0
WES-1408,SW1V 3,51.50783845020795,-0.12723048244095067,47,Full-time,2,0,No,54937,9657,749,1.8,2,F,None,None,No,0
WES-1409,SW1P 4,51.507711688457626,-0.12748656237100794,47,Part-time,3,1,No,35939,1802,898,3.1,3,D,Child Benefit,Child Benefit,No,0
WES-1410,SW1P 4,51.50776568296009,-0.12625000303050235,63,Full-time,2,1,No,40841,15298,854,2.5,3,C,Child Benefit,Child Benefit,No,0
WES-1411,SW1V 3,51.50992625621539,-0.12278382910278084,44,Full-time,1,0,No,55374,1394,587,12.0,1,D,None,None,No,0
WES-1412,SW1P 4,51.505445917878355,-0.12721038703170318,32,Full-time,2,1,No,44392,23841,811,2.2,3,D,Child Benefit,None,No,0
WES-1413,SW1P 4,51.50676244729801,-0.12490893153879153,63,Full-time,3,0,No,37202,29971,730,2.2,2,B,None,None,No,0
WES-1414,SW1V 3,51.51058289443377,-0.12918335656847052,54,Full-time,4,3,No,42676,20257,801,6.5,3,C,Child Benefit,None,No,0
WES-1415,SW1V 3,51.50791852556039,-0.12546127939517351,56,Full-time,3,0,No,50557,8044,806,0.6,3,D,None,None,No,0
WES-1416,SW1P 4,51.50795517996679,-0.12199882716499143,32,Full-time,2,0,No,49696,61,673,0.1,2,C,None,None,No,0
WES-1417,SW1V 3,51.510467429387056,-0.125174475152073,30,Full-time,4,0,No,42774,10957,1124,5.3,5,C,None,None,No,0
WES-1418,SW1P 4,51.506488959970966,-0.1286287393543636,40,Full-time,2,0,No,45292,14152,527,1.8,1,E,None,None,No,0
WES-1419,SW1V 3,51.50740185782409,-0.12270085559020369,31,Part-time,2,1,No,37452,4811,833,3.1,3,E,Child Benefit,Child Benefit,No,0
WES-1420,SW1P 4,51.505029892789125,-0.12849532401297953,28,Part-time,1,0,Yes,32268,1558,595,5.2,1,D,PIP,PIP,No,0
WES-1421,SW1P 4,51.51010851254589,-0.12494353348299715,63,Part-time,1,0,No,28957,844,524,4.6,1,D,None,None,No,0
WES-1422,SW1P 4,51.51364399063499,-0.1324482973626023,54,Full-time,1,0,No,42986,40223,543,0.6,1,F,None,None,No,0
WES-1423,SW1V 3,51.5054749420694,-0.12370162059570831,20,Full-time,3,1,No,36024,13707,816,0.4,3,D,Child Benefit,Child Benefit,No,0
WES-1424,SW1P 4,51.51068420592204,-0.13012939092486542,51,Full-time,3,1,No,45745,3997,962,1.3,4,C,Child Benefit,Child Benefit,No,0
WES-1425,SW1V 3,51.50712042909283,-0.12507583490452784,34,Full-time,2,1,No,64969,453,704,0.1,2,D,Child Benefit,Child Benefit,No,0
WES-1426,SW1V 3,51.50654047610451,-0.1268886310268433,18,Student,5,1,No,7102,24653,1129,0.0,5,D,Child Benefit,Child Benefit,No,0
WES-1427,SW1P 4,51.508714114905985,-0.12673544064341408,55,Part-time,4,1,Yes,26348,39260,1024,6.3,4,D,"Child Benefit, PIP","Child Benefit, PIP",No,0
WES-1428,SW1P 4,51.508644604725376,-0.12474010442656451,23,Full-time,3,0,No,54206,15923,818,4.3,3,B,None,None,No,0
WES-1429,SW1V 3,51.50454158828152,-0.12650674858409341,44,Full-time,2,1,Yes,62286,1127,711,2.1,2,C,"Child Benefit, PIP","Child Benefit, PIP",No,0
WES-1430,SW1V 3,51.505918954545415,-0.12270162643471387,43,Full-time,3,2,No,26541,46090,1041,6.2,4,C,Child Benefit,Child Benefit,No,0
WES-1431,SW1V 3,51.50795726560907,-0.12237006818340701,73,Retired,4,3,No,18045,20714,1037,10.6,4,B,Child Benefit,None,No,0
WES-1432,SW1P 4,51.50862381620806,-0.1266517786550777,18,Part-time,4,0,No,25653,1305,1031,15.8,4,F,None,None,No,0
WES-1433,SW1V 3,51.507405715722406,-0.12370257483288793,28,Full-time,2,0,No,62548,3,502,1.7,1,B,None,None,No,0
WES-1434,SW1V 3,51.50622380852452,-0.12234410299753737,45,Full-time,1,0,No,59840,48130,728,9.4,2,B,None,None,No,0
WES-1435,SW1P 4,51.5100163566167,-0.12971997320872466,61,Full-time,5,3,Yes,46745,13403,999,4.2,4,F,"Child Benefit, PIP","Child Benefit, PIP",No,0
WES-1436,SW1P 4,51.50559814421778,-0.12728399658417108,58,Part-time,2,0,No,30393,36257,696,17.2,2,D,None,None,No,0
WES-1437,SW1P 4,51.506934021651404,-0.11940776979465155,28,Full-time,1,0,Yes,33703,294,592,21.7,1,C,PIP,PIP,No,0
WES-1438,SW1V 3,51.51257231237272,-0.12868586600026438,18,Full-time,2,0,No,50020,2039,892,2.6,3,B,None,None,No,0
WES-1439,SW1P 4,51.50820580329561,-0.13162129514284732,50,Full-time,5,3,No,66606,3184,1108,4.4,5,B,Child Benefit,Child Benefit,No,0
WES-1440,SW1P 4,51.50773453814014,-0.12258418179237356,46,Part-time,2,1,No,30927,36386,672,4.8,2,D,Child Benefit,Child Benefit,No,0
WES-1441,SW1V 3,51.51022241411213,-0.12347433674885756,39,Full-time,2,1,No,66970,3708,531,3.5,1,E,Child Benefit,None,No,0
WES-1442,SW1V 3,51.50738090742942,-0.12225995309964792,31,Full-time,2,1,No,57650,800,727,11.8,2,C,Child Benefit,None,No,0
WES-1443,SW1V 3,51.50747268861606,-0.12251399339308329,37,Full-time,1,0,No,58145,7606,560,2.4,1,C,None,None,No,0
WES-1444,SW1V 3,51.50472325506929,-0.13089078819145303,65,Part-time,2,1,No,31659,32654,550,1.8,1,D,Child Benefit,Child Benefit,No,0
WES-1445,SW1V 3,51.506597631259226,-0.1267254654607384,29,Full-time,5,4,No,48430,23746,972,3.7,4,C,Child Benefit,Child Benefit,No,0
WES-1446,SW1V 3,51.50640568486262,-0.12562028314967447,40,Full-time,6,4,No,46539,8761,1158,0.3,5,C,Child Benefit,Child Benefit,No,0
WES-1447,SW1V 3,51.50676433053214,-0.12417959071872149,69,Retired,4,1,No,17130,29791,800,1.1,3,E,Child Benefit,Child Benefit,No,0
WES-1448,SW1V 3,51.51175175061108,-0.12700162038893759,70,Retired,1,0,Yes,10760,9949,557,2.6,1,F,"Universal Credit, PIP, Pension Credit","Universal Credit, PIP, Pension Credit",Yes,1117
WES-1449,SW1P 4,51.506882676992085,-0.12003109672332739,38,Full-time,1,0,No,49307,29133,546,15.8,1,D,None,None,No,0
WES-1450,SW1P 4,51.50830106578999,-0.12575368493102507,30,Part-time,1,0,No,34364,2072,516,3.4,1,D,None,None,No,0
WES-1451,SW1P 4,51.51043308850104,-0.12772899945433275,18,Full-time,2,1,No,50318,5801,588,12.1,1,D,Child Benefit,None,No,0
WES-1452,SW1V 3,51.51002299596197,-0.1280544897102979,54,Part-time,2,1,Yes,28918,26552,574,2.6,1,C,"Child Benefit, PIP","Child Benefit, PIP",No,0
WES-1453,SW1P 4,51.51069286912375,-0.12361809745438689,75,Retired,1,0,Yes,16907,62910,730,0.5,2,F,PIP,None,No,1746
WES-1454,SW1V 3,51.5121377970644,-0.12383136352847389,32,Full-time,1,0,Yes,49716,5308,556,3.3,1,C,PIP,None,No,0
WES-1455,SW1P 4,51.511616367261524,-0.13081690785048716,42,Full-time,1,0,No,40414,5904,682,0.6,2,C,None,None,No,0
WES-1456,SW1P 4,51.50892407302376,-0.12521823170048474,65,Part-time,1,0,No,24387,1017,703,7.0,2,D,None,None,No,0
WES-1457,SW1V 3,51.50931160676707,-0.11783557564056454,18,Full-time,1,0,No,47515,5454,701,7.0,2,C,None,None,No,0
WES-1458,SW1P 4,51.508172904505805,-0.12386300335799247,30,Full-time,2,0,No,51043,3652,744,1.2,2,E,None,None,No,0
WES-1459,SW1V 3,51.50818269763306,-0.1250472613909711,33,Part-time,1,0,Yes,25092,15524,736,2.5,2,D,PIP,PIP,No,0
WES-1460,SW1V 3,51.509142582941514,-0.12600547519728128,59,Full-time,3,2,No,35482,4457,856,3.9,3,B,Child Benefit,Child Benefit,No,0
WES-1461,SW1V 3,51.51070132788984,-0.12684243909643717,62,Full-time,2,0,Yes,62149,13104,737,7.2,2,B,PIP,PIP,No,0
WES-1462,SW1P 4,51.50715024300714,-0.12687768507998948,48,Full-time,3,0,No,59319,1737,672,3.0,2,D,None,None,No,0
WES-1463,SW1P 4,51.50945273231294,-0.1296632990421433,61,Full-time,5,3,Yes,48099,23581,953,1.5,4,C,"Child Benefit, PIP","Child Benefit, PIP",No,0
WES-1464,SW1P 4,51.50901328563429,-0.12493887984152456,31,Full-time,4,3,No,58664,16084,1027,19.2,4,E,Child Benefit,Child Benefit,No,0
WES-1465,SW1P 4,51.51267598736502,-0.12357685535140162,39,Full-time,1,0,No,46176,18124,508,9.3,1,C,None,None,No,0
WES-1466,SW1P 4,51.509397344930385,-0.1235908045597767,37,Full-time,3,2,No,32988,16888,889,4.7,3,E,Child Benefit,None,No,0
WES-1467,SW1V 3,51.50917591110829,-0.12747672253443845,59,Part-time,5,0,No,28803,11723,1179,1.0,5,A,None,None,No,0
WES-1468,SW1V 3,51.506096823623714,-0.11878450842373758,41,Part-time,3,2,Yes,36765,8105,982,7.9,4,C,"Child Benefit, PIP",PIP,No,0
WES-1469,SW1V 3,51.50957553638074,-0.12478083155377977,30,Full-time,3,0,No,52669,22147,656,12.8,2,D,None,None,No,0
WES-1470,SW1P 4,51.50782619647455,-0.13000606774797324,36,Full-time,2,1,No,53158,1452,585,7.8,1,D,Child Benefit,Child Benefit,No,0
WES-1471,SW1V 3,51.50664871256997,-0.12637314303896074,37,Full-time,2,1,Yes,48796,5931,826,5.9,3,B,"Child Benefit, PIP","Child Benefit, PIP",No,0
WES-1472,SW1P 4,51.504689339095094,-0.12365507710907855,33,Full-time,3,1,No,55382,18898,690,6.6,2,D,Child Benefit,None,No,0
WES-1473,SW1P 4,51.507523791058894,-0.12320959680186419,62,Full-time,1,0,No,37074,21714,721,1.2,2,D,None,None,No,2251
WES-1474,SW1V 3,51.509696198310095,-0.12876455140759163,31,Full-time,5,2,No,49621,20628,1139,2.2,5,E,Child Benefit,None,No,0
WES-1475,SW1V 3,51.50647490784697,-0.12502926792749197,63,Full-time,4,0,No,46805,15522,1182,2.6,5,D,None,None,No,0
WES-1476,SW1V 3,51.51165817891214,-0.1265138267995435,35,Part-time,2,1,No,29857,12113,742,16.0,2,F,Child Benefit,None,No,0
WES-1477,SW1V 3,51.50990662612291,-0.12606697014639826,69,Retired,1,0,Yes,25708,24922,584,0.5,1,D,PIP,PIP,No,0
WES-1478,SW1P 4,51.50905697016109,-0.12417006924827902,34,Full-time,2,1,Yes,46607,25339,682,13.2,2,D,"Child Benefit, PIP","Child Benefit, PIP",No,0
WES-1479,SW1V 3,51.5094245249289,-0.12939772816384645,41,Full-time,3,0,No,41049,27526,1011,6.3,4,D,None,None,No,0
WES-1480,SW1V 3,51.510046001858754,-0.12243028512272751,36,Full-time,4,0,No,35584,5214,1035,3.1,4,D,None,None,No,0
WES-1481,SW1V 3,51.511155230903206,-0.11907244809993398,39,Unemployed,3,0,No,7235,3097,973,1.9,4,D,Universal Credit,Universal Credit,Yes,1785
WES-1482,SW1V 3,51.509949183557445,-0.12435454363741069,42,Full-time,1,0,No,39738,35457,516,5.0,1,D,None,None,No,0
WES-1483,SW1V 3,51.51197931874654,-0.12356642263973527,18,Full-time,1,0,No,46587,13959,577,7.1,1,D,None,None,No,0
WES-1484,SW1V 3,51.50704580091965,-0.12600490754318716,64,Part-time,3,2,No,28221,1889,964,6.2,4,E,"Child Benefit, Child Tax Credit","Child Benefit, Child Tax Credit",No,0
WES-1485,SW1V 3,51.50636102675904,-0.12723132662029965,39,Part-time,1,0,Yes,22898,54259,567,1.3,1,C,PIP,None,No,0
WES-1486,SW1P 4,51.50995490270754,-0.12327827283667941,60,Full-time,4,0,No,33693,687,1189,0.3,5,D,None,None,No,0
WES-1487,SW1V 3,51.509621305039154,-0.1257834165514617,55,Full-time,2,0,No,58794,18365,820,4.0,3,E,None,None,No,0
WES-1488,SW1P 4,51.51067379122517,-0.1277308850127525,43,Full-time,1,0,No,62512,1374,510,9.8,1,D,None,None,No,0
WES-1489,SW1V 3,51.50626246767437,-0.11916137208007269,38,Full-time,1,0,Yes,37702,15054,539,0.7,1,C,PIP,PIP,No,0
WES-1490,SW1V 3,51.50837472579086,-0.12728373717805894,40,Full-time,6,1,Yes,40720,35210,1173,20.8,5,F,"Child Benefit, PIP","Child Benefit, PIP",No,0
WES-1491,SW1V 3,51.50877930737913,-0.12330950116557259,33,Full-time,3,2,Yes,56192,60814,802,6.1,3,E,"Child Benefit, PIP","Child Benefit, PIP",No,0
WES-1492,SW1V 3,51.50637157969232,-0.13099713056085008,51,Full-time,3,2,No,59013,22983,807,3.6,3,E,Child Benefit,Child Benefit,No,0
WES-1493,SW1P 4,51.50668806971736,-0.12409679699611835,46,Full-time,3,2,Yes,56629,1509,672,15.4,2,D,"Child Benefit, PIP","Child Benefit, PIP",No,0
WES-1494,SW1V 3,51.50904510882704,-0.12761557316386327,47,Full-time,4,3,No,44281,9614,970,5.8,4,C,Child Benefit,None,No,0
WES-1495,SW1V 3,51.50501010462666,-0.1271746858170568,23,Full-time,4,0,Yes,33976,23690,802,12.4,3,C,PIP,PIP,No,0
WES-1496,SW1P 4,51.50718482341245,-0.1255523283658558,55,Part-time,4,2,No,28533,475,1182,12.3,5,C,"Child Benefit, Child Tax Credit","Child Benefit, Child Tax Credit",No,2236
WES-1497,SW1P 4,51.50974779188615,-0.12421290593650905,28,Full-time,2,0,No,47880,6082,736,3.6,2,D,None,None,No,0
WES-1498,SW1P 4,51.507808944253455,-0.12518165213292526,26,Full-time,2,1,No,39475,5648,535,0.9,1,E,Child Benefit,Child Benefit,No,0
WES-1499,SW1P 4,51.51028457401945,-0.12621502096177437,61,Full-time,3,1,No,61498,1806,875,1.7,3,D,Child Benefit,None,No,0
WES-1500,SW1P 4,51.50581875428184,-0.12665832174243152,67,Retired,1,0,No,18066,273,715,4.0,2,D,None,None,No,0
WES-1501,SW1V 3,51.507450374332635,-0.12581737390066006,43,Full-time,1,0,Yes,72162,12354,504,3.9,1,C,PIP,PIP,No,0
WES-1502,SW1V 3,51.50489249903181,-0.12470558731100732,50,Full-time,3,1,Yes,41878,5466,1038,9.1,4,C,"Child Benefit, PIP","Child Benefit, PIP",No,0
WES-1503,SW1P 4,51.50836636705639,-0.12735176120100214,52,Full-time,3,1,No,46055,9836,1003,2.8,4,B,Child Benefit,Child Benefit,No,0
WES-1504,SW1V 3,51.50625194763054,-0.12401046390634665,56,Full-time,5,0,Yes,37202,1493,1032,0.0,4,C,PIP,PIP,No,0
WES-1505,SW1V 3,51.50902161104133,-0.12559797223541677,56,Full-time,2,1,Yes,41923,21265,895,5.2,3,C,"Child Benefit, PIP","Child Benefit, PIP",No,0
WES-1506,SW1P 4,51.50805791110459,-0.12845209898745658,39,Part-time,5,0,Yes,34749,21454,997,0.1,4,D,PIP,PIP,No,0
WES-1507,SW1P 4,51.5064309227383,-0.12719617890022147,34,Full-time,2,1,Yes,54328,3403,592,3.6,1,C,"Child Benefit, PIP","Child Benefit, PIP",No,821
WES-1508,SW1P 4,51.50957880397642,-0.12203160409208834,52,Full-time,3,1,No,40971,3652,984,5.4,4,E,Child Benefit,Child Benefit,No,0
WES-1509,SW1P 4,51.51207319404785,-0.12684146724853168,32,Full-time,1,0,No,47696,13619,547,5.6,1,E,None,None,No,0
WES-1510,SW1P 4,51.50697682426993,-0.12661804186307224,47,Part-time,2,1,Yes,25985,14077,506,1.2,1,E,"Child Benefit, PIP","Child Benefit, PIP",No,0
WES-1511,SW1P 4,51.50906610632452,-0.12484652419377153,54,Full-time,4,0,Yes,53195,27624,951,5.8,4,C,PIP,None,No,0
WES-1512,SW1P 4,51.510256907145994,-0.12874312486794587,37,Full-time,2,0,No,43573,15322,886,11.8,3,D,None,None,No,0
WES-1513,SW1V 3,51.506393387348304,-0.12784566285539817,43,Full-time,4,3,No,38740,12530,1116,3.0,5,D,Child Benefit,Child Benefit,No,0
WES-1514,SW1V 3,51.50973617603241,-0.12454741352369082,42,Full-time,5,3,Yes,39933,5724,978,2.0,4,B,"Child Benefit, PIP",Child Benefit,No,0
WES-1515,SW1P 4,51.510535273850905,-0.12255745908873712,18,Student,4,1,No,4582,1800,1129,1.0,5,D,"Child Benefit, Child Tax Credit, Universal Credit","Child Benefit, Child Tax Credit, Universal Credit",Yes,2541
WES-1516,SW1V 3,51.50657940344697,-0.12413492622125706,18,Full-time,1,0,No,40712,13971,732,0.6,2,D,None,None,No,0
WES-1517,SW1V 3,51.50874584073149,-0.12776772153679555,24,Full-time,4,0,No,40345,11595,956,3.6,4,D,None,None,No,0
WES-1518,SW1P 4,51.50913490589383,-0.12766360071299493,18,Full-time,1,0,No,50096,4388,719,1.6,2,C,None,None,No,0
WES-1519,SW1P 4,51.510328671195296,-0.1289097781366924,18,Full-time,1,0,Yes,47149,20634,560,0.3,1,D,PIP,PIP,No,0
WES-1520,SW1V 3,51.50661590171957,-0.12465990711449501,34,Full-time,2,0,No,44326,20374,553,6.9,1,E,None,None,No,0
WES-1521,SW1V 3,51.510318199373096,-0.13038161486403782,59,Full-time,2,1,Yes,58588,4273,835,15.8,3,D,"Child Benefit, PIP","Child Benefit, PIP",No,0
WES-1522,SW1P 4,51.506705493987674,-0.12543143384771804,46,Full-time,5,2,No,49413,14075,1192,15.7,5,D,Child Benefit,Child Benefit,No,0
WES-1523,SW1V 3,51.510049160995464,-0.1251626579658946,31,Full-time,3,2,No,42710,46825,1018,15.4,4,C,Child Benefit,Child Benefit,No,0
WES-1524,SW1V 3,51.510716875216424,-0.12694027131190933,45,Full-time,2,1,No,46027,7828,696,5.2,2,C,Child Benefit,Child Benefit,No,0
WES-1525,SW1V 3,51.51059679977563,-0.12594320131630626,71,Retired,4,2,No,17299,6126,1145,10.2,5,E,"Child Benefit, Child Tax Credit",Child Benefit,No,2228
WES-1526,SW1P 4,51.50709649911574,-0.12563943671437133,47,Full-time,2,1,Yes,50615,32037,841,4.0,3,D,"Child Benefit, PIP","Child Benefit, PIP",No,0
WES-1527,SW1V 3,51.50707305136378,-0.13021983848743018,22,Part-time,1,0,No,25615,2845,581,2.5,1,E,None,None,No,0
WES-1528,SW1V 3,51.50923151997218,-0.12677744547691888,49,Full-time,4,0,No,47979,35666,1174,8.1,5,D,None,None,No,0
WES-1529,SW1V 3,51.50601537944424,-0.13080241207454352,44,Full-time,3,1,No,47065,17445,723,1.7,2,E,Child Benefit,Child Benefit,No,0
WES-1530,SW1P 4,51.507763100249264,-0.11903593325493173,47,Full-time,1,0,No,57515,24123,571,2.5,1,D,None,None,No,0
WES-1531,SW1V 3,51.50929439867221,-0.12648488651972403,50,Full-time,4,3,No,48319,13904,895,10.5,3,C,Child Benefit,Child Benefit,No,0
WES-1532,SW1V 3,51.51184573640379,-0.1252502509707641,55,Full-time,2,0,Yes,31616,8937,889,4.6,3,C,PIP,PIP,No,1794
WES-1533,SW1P 4,51.50831490029582,-0.12561003121356745,89,Retired,1,0,Yes,17012,10388,527,5.4,1,D,"Universal Credit, PIP","Universal Credit, PIP",No,0
WES-1534,SW1P 4,51.510362552000004,-0.1308650477247809,56,Part-time,1,0,No,23807,182,589,4.4,1,F,None,None,No,1510
WES-1535,SW1P 4,51.506257661359236,-0.1327020685758029,63,Full-time,4,0,No,34758,10494,897,0.4,3,D,None,None,No,0
WES-1536,SW1V 3,51.50954673481535,-0.11989992075685693,48,Full-time,4,0,No,49186,26773,823,5.9,3,C,None,None,No,0
WES-1537,SW1P 4,51.50621346335434,-0.12644440320978406,45,Full-time,6,0,Yes,60582,1411,1122,5.4,5,C,PIP,None,No,0
WES-1538,SW1V 3,51.50972863668032,-0.1294334593496666,51,Full-time,1,0,No,41518,3533,743,4.1,2,D,None,None,No,0
WES-1539,SW1P 4,51.506810389435635,-0.12819122693870905,34,Full-time,1,0,No,49333,28104,511,4.0,1,D,None,None,No,0
WES-1540,SW1V 3,51.511040894567316,-0.12349995530193289,34,Full-time,2,1,Yes,33453,243,852,0.7,3,C,"Child Benefit, PIP","Child Benefit, PIP",No,0
WES-1541,SW1P 4,51.509364705428396,-0.12785154570216742,18,Full-time,1,0,No,36106,4481,571,3.9,1,E,None,None,No,0
WES-1542,SW1P 4,51.50758028147537,-0.12435051024673462,31,Full-time,3,2,No,54101,6629,988,5.2,4,C,Child Benefit,Child Benefit,No,934
WES-1543,SW1P 4,51.507003608369885,-0.12444604609634012,18,Full-time,2,1,No,36113,10747,863,17.2,3,D,Child Benefit,Child Benefit,No,0
WES-1544,SW1P 4,51.50896418927586,-0.126287107214109,41,Part-time,2,1,No,26881,17559,657,3.9,2,C,Child Benefit,None,No,0
WES-1545,SW1P 4,51.508280054251834,-0.12854880926101284,54,Unemployed,4,3,No,4639,12505,1117,6.3,5,F,"Child Benefit, Child Tax Credit, Universal Credit","Child Benefit, Child Tax Credit",Yes,4143
WES-1546,SW1P 4,51.50624777204844,-0.13016207975017724,51,Full-time,2,0,No,35595,109,514,0.4,1,D,None,None,No,0
WES-1547,SW1V 3,51.50607184280066,-0.12571531989608167,50,Full-time,1,0,No,54433,22747,697,8.4,2,D,None,None,No,0
WES-1548,SW1P 4,51.50711439682456,-0.12469736830889905,41,Unemployed,1,0,No,7511,1312,560,4.0,1,E,Universal Credit,Universal Credit,No,0
WES-1549,SW1V 3,51.50939394454594,-0.12272712205462655,72,Retired,1,0,No,13093,28199,661,2.6,2,D,None,None,No,0
WES-1550,SW1P 4,51.50805719334877,-0.12779185104140944,48,Full-time,4,3,No,44916,24920,1185,1.9,5,E,Child Benefit,Child Benefit,No,0
WES-1551,SW1P 4,51.50524053366951,-0.12403107296389053,18,Full-time,2,1,No,54926,3198,852,6.1,3,D,Child Benefit,Child Benefit,No,2130
WES-1552,SW1V 3,51.509695075411784,-0.11993737674236918,52,Full-time,3,1,No,58852,15482,1022,2.4,4,D,Child Benefit,Child Benefit,No,0
WES-1553,SW1V 3,51.50537887679478,-0.12155785687232334,57,Full-time,3,0,Yes,52582,6241,1025,3.9,4,F,PIP,PIP,Yes,660
WES-1554,SW1P 4,51.50866483584989,-0.1271306293819315,70,Retired,3,0,No,7313,1889,816,8.6,3,C,Pension Credit,None,No,0
WES-1555,SW1V 3,51.50879546100653,-0.12637161040348086,66,Full-time,2,1,No,62970,5470,597,4.4,1,D,Child Benefit,None,No,0
WES-1556,SW1P 4,51.50660250260946,-0.12683808692319598,45,Full-time,2,1,No,43816,5703,697,22.4,2,D,Child Benefit,None,No,0
WES-1557,SW1P 4,51.503065853218736,-0.12359934633229482,34,Full-time,4,3,No,44981,3888,1198,1.5,5,F,Child Benefit,Child Benefit,No,2546
WES-1558,SW1P 4,51.50354272376174,-0.12477470739843317,42,Full-time,2,0,No,27355,20251,878,9.2,3,D,None,None,No,0
WES-1559,SW1V 3,51.510547273736975,-0.12313338015224062,54,Full-time,2,0,No,55044,3840,670,5.7,2,D,None,None,No,0
WES-1560,SW1V 3,51.512293778312326,-0.12310796167349866,43,Full-time,4,1,No,58684,2182,864,2.1,3,D,Child Benefit,Child Benefit,No,0
WES-1561,SW1P 4,51.50858606194664,-0.12363942626696324,18,Full-time,2,1,No,67095,4326,688,3.0,2,E,Child Benefit,Child Benefit,No,0
WES-1562,SW1V 3,51.50948924927915,-0.12453554071060748,47,Full-time,1,0,No,52775,23838,526,3.9,1,D,None,None,No,0
WES-1563,SW1P 4,51.51325808718279,-0.12317621794101836,28,Full-time,2,0,No,64673,10312,567,0.9,1,C,None,None,No,0
WES-1564,SW1V 3,51.5106574381016,-0.12856904740779146,47,Full-time,5,0,No,43127,5045,973,1.9,4,B,None,None,No,0
WES-1565,SW1V 3,51.511242319107076,-0.1207559916298299,78,Retired,5,4,Yes,18738,8413,1125,3.1,5,D,"Child Benefit, Child Tax Credit, PIP","Child Benefit, Child Tax Credit, PIP",No,0
WES-1566,SW1V 3,51.51037173765844,-0.12604662440689549,64,Full-time,2,1,Yes,54473,43679,727,3.5,2,F,"Child Benefit, PIP",Child Benefit,No,2147
WES-1567,SW1P 4,51.50927317245981,-0.12162210720190558,42,Full-time,1,0,No,42090,28116,598,0.8,1,D,None,None,No,0
WES-1568,SW1V 3,51.507385969063684,-0.1261837057640378,55,Part-time,4,3,Yes,25701,859,969,9.6,4,C,"Child Benefit, Child Tax Credit, PIP","Child Benefit, Child Tax Credit, PIP",No,0
WES-1569,SW1V 3,51.508021283379875,-0.12582656674850873,45,Full-time,1,0,Yes,59114,4691,709,4.6,2,D,PIP,None,No,1166
WES-1570,SW1P 4,51.507012281221755,-0.12836342865730044,32,Full-time,4,2,No,47623,4930,999,0.9,4,C,Child Benefit,Child Benefit,No,0
WES-1571,SW1V 3,51.50583003018445,-0.12309162711088555,64,Full-time,4,3,No,48484,25746,962,3.1,4,D,Child Benefit,Child Benefit,No,0
WES-1572,SW1V 3,51.50867956992884,-0.12590681938861426,45,Full-time,2,1,No,48162,20676,715,0.9,2,D,Child Benefit,None,No,0
WES-1573,SW1V 3,51.50680866741457,-0.1295504282119036,51,Full-time,5,4,No,63801,6597,1185,1.7,5,D,Child Benefit,Child Benefit,No,0
WES-1574,SW1P 4,51.508360379219646,-0.12797901905325768,54,Full-time,2,1,No,37871,6908,569,7.7,1,C,Child Benefit,Child Benefit,No,0
WES-1575,SW1P 4,51.5098830667653,-0.12465310460988473,18,Full-time,1,0,No,43024,7828,704,4.9,2,C,None,None,No,0
WES-1576,SW1P 4,51.50912867736626,-0.12808564431307395,54,Full-time,1,0,Yes,42606,14326,689,3.5,2,E,PIP,None,No,0
WES-1577,SW1P 4,51.5082802717538,-0.12625226060104777,33,Unemployed,4,3,No,6833,722,1109,12.7,5,C,"Child Benefit, Child Tax Credit, Universal Credit","Child Benefit, Universal Credit",No,1468
WES-1578,SW1V 3,51.50569418670088,-0.12306469477150214,48,Full-time,1,0,Yes,62091,27631,659,0.1,2,B,PIP,None,No,0
WES-1579,SW1V 3,51.508261358190666,-0.12938623576725658,45,Full-time,3,0,No,59216,2289,954,10.8,4,C,None,None,No,0
WES-1580,SW1P 4,51.50493874865418,-0.12119179702108324,56,Full-time,2,1,No,43645,16255,585,45.6,1,D,Child Benefit,None,No,0
WES-1581,SW1P 4,51.50580400843126,-0.12559266863400922,42,Full-time,2,1,No,38928,3141,674,11.8,2,E,Child Benefit,Child Benefit,No,0
WES-1582,SW1V 3,51.5110777600041,-0.12903176207607014,65,Full-time,5,2,No,47490,5715,1196,7.7,5,C,Child Benefit,Child Benefit,No,0
WES-1583,SW1V 3,51.50974506268787,-0.12239172387400304,63,Unemployed,1,0,No,8333,14662,665,0.0,2,D,Universal Credit,Universal Credit,Yes,2269
WES-1584,SW1P 4,51.509559675792126,-0.12696445960755456,18,Part-time,2,0,No,28942,44956,699,1.2,2,B,None,None,No,0
WES-1585,SW1V 3,51.50881968115433,-0.1293578591574782,32,Full-time,3,0,No,48550,4846,812,1.5,3,D,None,None,No,0
WES-1586,SW1V 3,51.50940245203227,-0.1273963383957223,18,Student,6,1,No,7030,49840,1134,1.0,5,C,Child Benefit,None,No,2958
WES-1587,SW1P 4,51.510494039423165,-0.12945007659835214,50,Part-time,2,0,Yes,23132,8992,846,10.5,3,D,PIP,PIP,No,0
WES-1588,SW1P 4,51.511280666367064,-0.12175233819886165,73,Retired,3,2,No,13233,13090,861,1.7,3,D,"Child Benefit, Child Tax Credit",Child Benefit,No,0
WES-1589,SW1V 3,51.51048329433683,-0.12341890371653585,39,Full-time,1,0,No,40910,4360,584,1.0,1,D,None,None,No,0
WES-1590,SW1V 3,51.50778319284897,-0.12937499966598015,62,Full-time,2,1,No,42747,2496,561,14.8,1,B,Child Benefit,None,No,0
WES-1591,SW1P 4,51.51028035108544,-0.12213232061623265,55,Part-time,4,2,No,19221,8953,1030,21.4,4,D,"Child Benefit, Child Tax Credit","Child Benefit, Child Tax Credit",No,0
WES-1592,SW1P 4,51.50680700439426,-0.12387615729898274,33,Full-time,2,0,No,47082,8356,518,1.6,1,E,None,None,No,0
WES-1593,SW1V 3,51.51056961968678,-0.12839297815582518,35,Full-time,5,4,No,53165,1471,1120,4.3,5,D,Child Benefit,Child Benefit,No,0
WES-1594,SW1V 3,51.5058740629401,-0.1245180743224068,32,Full-time,1,0,No,43458,43491,566,1.3,1,E,None,None,No,0
WES-1595,SW1V 3,51.50928991594064,-0.1221142194929056,19,Full-time,1,0,No,52655,17361,520,6.3,1,D,None,None,No,516
WES-1596,SW1P 4,51.50852636052177,-0.1280061547815551,46,Full-time,1,0,No,29391,8983,546,2.0,1,D,None,None,No,0
WES-1597,SW1P 4,51.50613832816602,-0.12783438238157477,54,Full-time,5,3,No,41944,18862,963,9.7,4,C,Child Benefit,None,No,0
WES-1598,SW1V 3,51.50849986029049,-0.1223349710420569,39,Full-time,3,1,No,43737,4758,993,1.1,4,E,Child Benefit,Child Benefit,No,0
WES-1599,SW1P 4,51.51030454279989,-0.12710545618157496,30,Part-time,2,1,Yes,27992,22913,729,8.2,2,D,"Child Benefit, PIP",PIP,No,0
WES-1600,SW1V 3,51.50623718877973,-0.1230378529075766,60,Full-time,2,0,No,53867,6267,867,9.1,3,G,None,None,No,0
WES-1601,SW1V 3,51.50821244957766,-0.12470184201124444,25,Full-time,5,0,No,53195,21462,1171,25.6,5,E,None,None,No,0
WES-1602,SW1V 3,51.50687900451603,-0.1274660489931349,50,Full-time,2,1,No,65682,6817,669,3.0,2,F,Child Benefit,Child Benefit,No,0
WES-1603,SW1V 3,51.50879973418277,-0.12543559418655895,42,Full-time,3,0,No,46265,2189,743,1.6,2,F,None,None,No,0
WES-1604,SW1P 4,51.50978341849038,-0.12004799658729043,55,Part-time,3,1,No,32104,4352,836,9.0,3,D,Child Benefit,Child Benefit,No,0
WES-1605,SW1P 4,51.50723884367537,-0.1217511973455001,58,Full-time,4,1,No,71389,22119,1127,6.5,5,C,Child Benefit,Child Benefit,No,0
WES-1606,SW1V 3,51.50733399594108,-0.12212461884783136,38,Full-time,4,2,No,60205,6874,1041,5.4,4,D,Child Benefit,Child Benefit,No,0
WES-1607,SW1V 3,51.507224382614275,-0.131987259939288,41,Full-time,1,0,No,55530,6121,539,0.2,1,E,None,None,No,0
WES-1608,SW1P 4,51.50505487985049,-0.12533231760351643,51,Full-time,1,0,No,36087,12138,585,3.3,1,F,None,None,No,0
WES-1609,SW1P 4,51.50770343393291,-0.12817759348794938,36,Part-time,2,1,No,32705,1584,525,7.6,1,E,Child Benefit,None,No,0
WES-1610,SW1P 4,51.50695454242686,-0.13321591119253262,55,Part-time,2,0,Yes,28217,463,579,2.4,1,C,PIP,PIP,No,0
WES-1611,SW1P 4,51.508344357127726,-0.12614501822337276,52,Full-time,5,4,No,39976,8832,997,45.7,4,E,Child Benefit,Child Benefit,No,0
WES-1612,SW1V 3,51.50824409809985,-0.12417399070006241,52,Full-time,1,0,Yes,59445,1246,519,10.9,1,C,PIP,PIP,No,0
WES-1613,SW1P 4,51.5049843131012,-0.12346513983479897,46,Part-time,2,1,No,32241,16489,581,1.6,1,D,Child Benefit,Child Benefit,No,0
WES-1614,SW1P 4,51.50976030917293,-0.12119554255327802,36,Full-time,2,1,Yes,39848,8784,833,1.2,3,E,"Child Benefit, PIP","Child Benefit, PIP",No,0
WES-1615,SW1P 4,51.51110203132531,-0.1278268389121853,73,Retired,5,2,Yes,11962,5898,1019,3.8,4,C,"Child Benefit, Child Tax Credit, PIP, Pension Credit","Child Benefit, Child Tax Credit, PIP, Pension Credit",No,3710
WES-1616,SW1P 4,51.505349393442124,-0.12692113962966464,61,Full-time,1,0,No,55689,5720,693,16.8,2,B,None,None,No,0
WES-1617,SW1V 3,51.51052038122447,-0.12633626900976128,53,Full-time,2,0,No,48841,20748,833,16.5,3,B,None,None,No,0
WES-1618,SW1P 4,51.511121211825625,-0.12218669408499133,26,Full-time,4,0,No,59603,74920,1039,0.1,4,D,None,None,No,0
WES-1619,SW1V 3,51.50833641812259,-0.12297064996469652,43,Full-time,2,1,Yes,63625,1942,878,5.6,3,D,"Child Benefit, PIP",Child Benefit,No,0
WES-1620,SW1V 3,51.50938121451394,-0.12489700841036638,32,Part-time,2,1,No,27325,13316,823,4.9,3,D,Child Benefit,None,No,1612
WES-1621,SW1V 3,51.51006375968521,-0.12480327257986426,33,Full-time,2,1,No,60049,19138,581,1.7,1,F,Child Benefit,Child Benefit,No,0
WES-1622,SW1V 3,51.50580292507429,-0.12698922707979218,18,Full-time,2,0,Yes,45896,18282,715,4.1,2,C,PIP,None,No,0
WES-1623,SW1P 4,51.50894313505521,-0.12246084897841722,65,Part-time,1,0,No,23327,1706,599,3.5,1,D,None,None,No,0
WES-1624,SW1V 3,51.50915398902654,-0.12820537351191671,69,Retired,1,0,No,23389,38778,519,3.0,1,E,None,None,No,0
WES-1625,SW1V 3,51.51149602354061,-0.12590826926073917,63,Full-time,1,0,No,33006,6841,598,3.4,1,D,None,None,No,0
WES-1626,SW1V 3,51.50785287538153,-0.12209917806893585,37,Full-time,3,2,No,48190,10974,726,0.9,2,C,Child Benefit,None,No,0
WES-1627,SW1P 4,51.50629349858906,-0.1321381653201548,25,Full-time,2,0,No,46179,14930,657,2.2,2,C,None,None,No,0
WES-1628,SW1V 3,51.50885377167886,-0.1246523233123666,34,Part-time,1,0,No,31329,5817,571,1.0,1,E,None,None,No,0
WES-1629,SW1P 4,51.5086223251357,-0.1236877701748262,49,Full-time,4,1,No,40067,17042,844,7.7,3,E,Child Benefit,Child Benefit,No,0
WES-1630,SW1P 4,51.510395023817146,-0.12367591506657415,35,Full-time,2,0,No,40846,51957,517,0.5,1,D,None,None,No,0
WES-1631,SW1V 3,51.504940514051675,-0.1291289314225593,31,Part-time,5,3,No,27999,39084,1159,9.5,5,D,Child Benefit,None,No,0
WES-1632,SW1P 4,51.51066144099777,-0.1256878741265305,48,Full-time,3,0,Yes,42868,46307,811,15.3,3,D,PIP,PIP,No,0
WES-1633,SW1V 3,51.5083992000988,-0.12745958634655194,44,Full-time,3,0,No,32188,38960,682,10.6,2,C,None,None,No,0
WES-1634,SW1V 3,51.50759472946957,-0.12518299198138913,57,Full-time,2,1,No,50970,6672,814,0.3,3,F,Child Benefit,Child Benefit,No,2994
WES-1635,SW1P 4,51.50660701840802,-0.13075222876388526,34,Full-time,5,0,No,40712,23421,998,3.3,4,C,None,None,No,0
WES-1636,SW1P 4,51.50751159690167,-0.13014596562337738,44,Full-time,4,1,No,33768,580,849,1.0,3,G,Child Benefit,Child Benefit,No,0
WES-1637,SW1P 4,51.505334585473456,-0.12902644896385965,48,Full-time,3,0,No,32087,12952,1027,7.0,4,E,None,None,No,2079
WES-1638,SW1V 3,51.511519541289616,-0.12206415019353675,36,Full-time,3,1,No,52100,32,677,2.9,2,D,Child Benefit,Child Benefit,No,0
WES-1639,SW1V 3,51.511058079832914,-0.12962456678946094,48,Full-time,1,0,Yes,54714,763,585,11.6,1,E,PIP,PIP,No,0
WES-1640,SW1V 3,51.50795194753851,-0.12495169708735784,54,Full-time,1,0,No,31918,44632,690,11.3,2,D,None,None,No,1038
WES-1641,SW1P 4,51.506205885649194,-0.12798856632658967,37,Part-time,1,0,No,35721,2508,564,9.5,1,C,None,None,No,0
WES-1642,SW1P 4,51.508976692931434,-0.12976997348233832,28,Full-time,3,1,No,44693,5948,892,9.1,3,C,Child Benefit,Child Benefit,No,0
WES-1643,SW1P 4,51.512871461233445,-0.12196598946954752,57,Full-time,2,1,No,53270,54099,870,1.9,3,D,Child Benefit,Child Benefit,No,0
WES-1644,SW1V 3,51.50537411645978,-0.12352468907425047,39,Full-time,2,1,Yes,54940,11134,722,4.2,2,B,"Child Benefit, PIP","Child Benefit, PIP",No,0
WES-1645,SW1P 4,51.50879559809102,-0.12218921750589574,36,Full-time,2,1,No,46296,36177,826,2.4,3,F,Child Benefit,Child Benefit,No,0
WES-1646,SW1V 3,51.510571464933946,-0.12345541264681756,47,Unemployed,2,1,No,7527,2222,897,5.7,3,D,"Child Benefit, Universal Credit","Child Benefit, Universal Credit",Yes,565
WES-1647,SW1V 3,51.50860893108966,-0.12792872199834368,54,Part-time,3,2,No,30222,5939,1046,3.5,4,D,Child Benefit,Child Benefit,No,3107
WES-1648,SW1P 4,51.50911444208859,-0.12505305554557003,47,Part-time,2,0,No,29314,8375,817,2.4,3,D,None,None,No,0
WES-1649,SW1V 3,51.50936636882281,-0.12442355195080972,28,Full-time,3,0,No,37457,8574,886,3.1,3,D,None,None,No,0
WES-1650,SW1V 3,51.511825862894376,-0.13129066812087842,56,Full-time,1,0,No,48059,11776,515,3.0,1,C,None,None,No,0
WES-1651,SW1P 4,51.50754598856336,-0.12326741485190033,55,Part-time,5,3,No,27761,7910,951,28.1,4,D,"Child Benefit, Child Tax Credit","Child Benefit, Child Tax Credit",No,0
WES-1652,SW1P 4,51.50805819949816,-0.12443930900745294,40,Full-time,2,1,No,51859,11902,707,5.6,2,D,Child Benefit,None,No,0
WES-1653,SW1P 4,51.50820826315741,-0.1245056765969615,53,Full-time,2,0,No,45967,11536,808,8.4,3,C,None,None,No,0
WES-1654,SW1P 4,51.50361859197045,-0.12571272606542713,56,Full-time,1,0,Yes,33636,18794,555,0.3,1,D,PIP,PIP,No,0
WES-1655,SW1V 3,51.51065767550205,-0.1291695366102176,51,Part-time,5,0,No,32141,9955,1127,1.8,5,C,None,None,No,0
WES-1656,SW1V 3,51.512387822072924,-0.12499840469697227,62,Full-time,2,1,Yes,54802,18819,651,7.9,2,D,"Child Benefit, PIP","Child Benefit, PIP",No,0
WES-1657,SW1V 3,51.50734357580356,-0.12481457706198776,44,Part-time,1,0,No,29172,31195,689,5.7,2,C,None,None,No,0
WES-1658,SW1V 3,51.508434992213886,-0.12642201467250075,32,Full-time,1,0,No,53801,31619,677,0.4,2,C,None,None,No,0
WES-1659,SW1P 4,51.50802692523326,-0.12963464741369604,47,Part-time,3,1,No,25395,5713,849,8.3,3,E,"Child Benefit, Child Tax Credit",Child Benefit,No,0
WES-1660,SW1V 3,51.50725033076313,-0.12425061244892761,42,Full-time,2,1,No,33406,9124,808,1.2,3,B,Child Benefit,Child Benefit,No,0
WES-1661,SW1V 3,51.50532190422877,-0.12182046574341533,54,Full-time,2,0,No,41859,682,582,8.4,1,B,None,None,No,0
WES-1662,SW1V 3,51.50927266939823,-0.1258267774682811,40,Full-time,3,1,No,42469,3087,713,16.4,2,C,Child Benefit,Child Benefit,No,0
WES-1663,SW1V 3,51.506827317394,-0.12474343324618219,44,Full-time,4,2,Yes,48474,5370,843,8.3,3,C,"Child Benefit, PIP","Child Benefit, PIP",No,0
WES-1664,SW1V 3,51.50850982111712,-0.1214921304035803,27,Unemployed,3,0,No,6004,23172,689,2.5,2,C,None,None,No,0
WES-1665,SW1P 4,51.50646800913766,-0.1227313530567797,65,Full-time,2,1,No,45690,6987,701,9.0,2,D,Child Benefit,Child Benefit,No,0
WES-1666,SW1V 3,51.50677803578932,-0.12826672012427293,47,Full-time,1,0,No,52370,2170,508,3.1,1,D,None,None,No,0
WES-1667,SW1V 3,51.50851204227163,-0.12147812008941018,48,Full-time,1,0,No,47099,24072,593,4.4,1,C,None,None,No,0
WES-1668,SW1P 4,51.5103560313183,-0.12507452408827327,18,Full-time,3,0,No,48164,25235,855,5.6,3,C,None,None,No,0
WES-1669,SW1P 4,51.50652611452699,-0.12719987331289773,52,Full-time,1,0,No,40141,26894,503,3.1,1,C,None,None,No,0
WES-1670,SW1P 4,51.50810959442634,-0.12787817188991163,50,Full-time,3,2,No,70547,4453,829,1.2,3,E,Child Benefit,Child Benefit,No,0
WES-1671,SW1P 4,51.509102217614235,-0.12692318105180586,40,Full-time,2,1,No,30780,2621,560,6.3,1,C,Child Benefit,None,No,0
WES-1672,SW1P 4,51.50727459094128,-0.12296260029179007,55,Full-time,2,1,Yes,35443,18923,680,5.4,2,B,"Child Benefit, PIP","Child Benefit, PIP",No,0
WES-1673,SW1P 4,51.50756859433068,-0.12750067719033173,55,Unemployed,1,0,No,6271,22384,651,3.4,2,E,None,None,Yes,1034
WES-1674,SW1P 4,51.51079297431746,-0.12713761012258865,60,Part-time,5,2,No,35268,12215,1176,11.5,5,D,Child Benefit,Child Benefit,No,0
WES-1675,SW1V 3,51.508119618715654,-0.12369295748442756,48,Full-time,1,0,Yes,43669,38397,551,0.0,1,C,PIP,PIP,No,0
WES-1676,SW1V 3,51.50690213029269,-0.12667457377949565,57,Part-time,2,1,No,31901,1092,899,7.0,3,D,Child Benefit,Child Benefit,No,0
WES-1677,SW1P 4,51.5089149775957,-0.12436296627875423,51,Full-time,2,1,Yes,33558,11804,866,0.9,3,D,"Child Benefit, PIP","Child Benefit, PIP",No,0
WES-1678,SW1P 4,51.50787894848872,-0.1241683938646463,48,Part-time,2,0,No,29580,518,856,11.1,3,C,None,None,No,0
WES-1679,SW1V 3,51.51019659635861,-0.1237552420310224,47,Full-time,1,0,No,53166,17843,533,15.5,1,D,None,None,No,0
WES-1680,SW1P 4,51.504560631087294,-0.12920359592187514,40,Full-time,1,0,No,53799,2741,720,7.6,2,C,None,None,No,0
WES-1681,SW1P 4,51.50612650678897,-0.12376783911433134,41,Full-time,1,0,No,43504,49677,669,3.5,2,B,None,None,No,842
WES-1682,SW1V 3,51.50914594948391,-0.12126563632170155,22,Full-time,3,0,No,51801,23738,814,0.2,3,D,None,None,No,0
WES-1683,SW1V 3,51.50870003747502,-0.12414767802682115,43,Full-time,5,2,No,44297,5185,1109,6.4,5,E,Child Benefit,Child Benefit,No,0
WES-1684,SW1P 4,51.507926763923,-0.12554262783933168,56,Full-time,3,0,No,45290,32957,714,6.2,2,E,None,None,No,0
WES-1685,SW1P 4,51.50933049046864,-0.1241124888991658,30,Full-time,3,1,No,37310,16210,1019,2.7,4,F,Child Benefit,None,No,0
WES-1686,SW1P 4,51.51255018216698,-0.12696964589960488,50,Full-time,3,2,No,59306,4359,1045,2.4,4,D,Child Benefit,Child Benefit,No,0
WES-1687,SW1P 4,51.50676623083023,-0.12578906637085793,52,Full-time,5,1,No,54906,4928,1027,1.9,4,D,Child Benefit,Child Benefit,No,0
WES-1688,SW1P 4,51.5111854437227,-0.1290987322985789,33,Full-time,2,1,No,44387,14578,696,0.8,2,E,Child Benefit,Child Benefit,No,0
WES-1689,SW1P 4,51.50874071688297,-0.13145481907471196,62,Full-time,4,1,No,51934,3887,1002,0.2,4,C,Child Benefit,None,No,0
WES-1690,SW1V 3,51.50746654791422,-0.12696270281572483,21,Full-time,3,1,No,46510,8263,978,7.3,4,D,Child Benefit,Child Benefit,No,0
WES-1691,SW1V 3,51.50672814258907,-0.12495133070907734,27,Full-time,2,0,No,52248,292,527,4.2,1,C,None,None,No,0
WES-1692,SW1P 4,51.50990836529066,-0.1321693361310151,39,Full-time,2,1,No,49412,6835,529,10.6,1,C,Child Benefit,Child Benefit,No,0
WES-1693,SW1P 4,51.506079808745085,-0.12805876117081966,25,Full-time,2,0,No,51850,1414,826,5.0,3,C,None,None,No,0
WES-1694,SW1V 3,51.505424584382936,-0.1243525003342958,32,Part-time,4,0,No,25849,18419,865,5.3,3,D,None,None,No,0
WES-1695,SW1V 3,51.50761463220913,-0.12379324093710362,58,Full-time,2,1,Yes,43419,11927,669,0.7,2,C,"Child Benefit, PIP","Child Benefit, PIP",No,0
WES-1696,SW1V 3,51.50911208990717,-0.1256329483351009,30,Full-time,2,1,No,40418,15321,530,8.9,1,C,Child Benefit,None,No,0
WES-1697,SW1V 3,51.5103397398367,-0.1214905723501113,51,Full-time,1,0,No,42914,38594,589,2.5,1,C,None,None,No,0
WES-1698,SW1V 3,51.50799228184571,-0.12025786101282326,46,Full-time,4,2,Yes,50311,7482,1150,0.0,5,D,"Child Benefit, PIP",PIP,No,0
WES-1699,SW1V 3,51.508190684922745,-0.12588039306902415,54,Full-time,5,0,Yes,41353,3707,1141,5.2,5,D,PIP,None,No,0
